ticker,bullish_premium,bearish_premium,bullish_count,bearish_count,total_premium,total_count,avg_dte,avg_volume_oi_ratio,bullish_vol_oi,bearish_vol_oi,repeat_flow_count,bullish_sweep_count,bearish_sweep_count,bullish_sweep_premium,bearish_sweep_premium,bullish_max_trade_premium,bearish_max_trade_premium,bullish_repeat_count,bearish_repeat_count,bullish_premium_raw,bearish_premium_raw,bullish_delta_premium_raw,bearish_delta_premium_raw,bullish_repeat_2h,bearish_repeat_2h,net_premium_bias,dominant_direction,bullish_premium_per_trade,bearish_premium_per_trade,bullish_breadth,bearish_breadth,flow_imbalance_ratio,dte_score,bullish_accel_ratio,bearish_accel_ratio,bullish_accel_score,bearish_accel_score,dominant_dte_bucket,sweep_share,multileg_count,multileg_share,marketcap,bullish_flow_intensity,bearish_flow_intensity,total_call_premium,total_put_premium,bullish_unusual_premium_share,bearish_unusual_premium_share,bullish_delta_intensity,bearish_delta_intensity,bullish_avg_delta,bearish_avg_delta,bullish_delta_source_mix,bearish_delta_source_mix,bullish_ppt_bps,bearish_ppt_bps,bullish_score,bearish_score,bullish_flow_intensity_contrib,bullish_premium_per_trade_contrib,bullish_vol_oi_contrib,bullish_repeat_contrib,bullish_sweep_contrib,bullish_dte_contrib,bullish_breadth_contrib,bearish_flow_intensity_contrib,bearish_premium_per_trade_contrib,bearish_vol_oi_contrib,bearish_repeat_contrib,bearish_sweep_contrib,bearish_dte_contrib,bearish_breadth_contrib,bullish_score_abs,bearish_score_abs,bullish_flow_intensity_tier,bullish_premium_per_trade_tier,bullish_vol_oi_tier,bullish_repeat_tier,bullish_sweep_tier,bullish_dte_tier,bullish_breadth_tier,bearish_flow_intensity_tier,bearish_premium_per_trade_tier,bearish_vol_oi_tier,bearish_repeat_tier,bearish_sweep_tier,bearish_dte_tier,bearish_breadth_tier,bullish_zscore_tier,bearish_zscore_tier,bullish_unusual_premium_share_z,bullish_unusual_premium_share_tier,bearish_unusual_premium_share_z,bearish_unusual_premium_share_tier,lottery_bullish_premium,lottery_bearish_premium,swing_bullish_premium,swing_bearish_premium,leap_bullish_premium,leap_bearish_premium,bullish_score_raw,checks_passed,checks_failed
SLN,1.9470048649852165,0.0,1,0,1.9470048649852165,1,44.0,54.347826,54.347826,,1,0,0,0.0,0.0,1.9470048649852165,0.0,1,0,1700000.0,0.0,0.02482201789090904,0.0,1,0,1.9470048649852165,LONG,1.9470048649852165,0.0,0.0,0.0,99.0,1.0,0.0,0.0,-0.3076923076923077,-0.3076923076923077,31-90,0.0,1,1.0,564597814.0,0.003011,0.0,,,,,0.0,0.0,0.012749,0.0,0.0,0.0,3.448481054489553e-05,0.0,5.065163738543761,0.21280365901088522,2.815,0.0,1.6502,0.0,0.0,0.6,0.0,0.9543,0.0,0.5737,0.0,0.0,0.6,0.0,0.52,0.06,1,4,1,4,4,4,4,1,4,1,4,4,4,4,4,4,-1.5717201097079854,1,-0.6763216285124738,1,0.0,0.0,1700000.0,0.0,0.0,0.0,0.5065163738543761,"confirmation_volume, flag_breakout, momentum_aligned, not_extended, room_to_target, trend_aligned",none
IE,0.07350042058347682,0.0,1,0,0.07350042058347682,1,73.0,102.564103,102.564103,,1,0,0,0.0,0.0,0.07350042058347682,0.0,1,0,1440000.0,0.0,0.047486692823302076,0.0,1,0,0.07350042058347682,LONG,0.07350042058347682,0.0,0.0,0.0,99.0,1.0,0.0,0.0,-0.3076923076923077,-0.3076923076923077,31-90,0.0,0,0.0,1758684654.0,0.000819,0.0,700103.0,17174.0,2.0568402077979955,0.0,0.0,0.0,0.646074,0.0,0.0,0.0,4.1792836718228863e-07,0.0,5.065163738543761,0.20011993501653863,2.815,0.0,1.6502,0.0,0.0,0.6,0.0,0.9046,0.0,0.4966,0.0,0.0,0.6,0.0,0.52,0.06,1,4,1,4,4,4,4,1,4,1,4,4,4,4,4,4,3.5,1,-0.9789021186344292,1,0.0,0.0,1440000.0,0.0,0.0,0.0,0.5065163738543761,"momentum_aligned, not_extended, room_to_target, trend_aligned, trend_continuation",confirmation_volume
TTWO,71.83107770878541,0.0,3,0,71.83107770878541,3,92.666667,4.963109,4.963109,,3,1,0,3.820530659531716e-11,0.0,71.8310777087472,0.0,3,0,10118137.0,0.0,38.97545817774854,0.0,1,0,71.83107770878541,LONG,23.94369256959514,0.0,0.0,0.0,99.0,0.7,0.3333333333333333,0.0,0.025641025641025605,-0.3076923076923077,31-90,0.3333,0,0.0,46090679200.0,0.00022,0.0,,,,,0.0,0.0,0.542599,0.0,0.0,0.0,5.194909900480517e-06,0.0,4.915290227094181,0.12135693932724734,2.4612,0.0,1.6502,0.3111,0.15,0.3429,0.0,0.4971,0.0,0.3736,0.0,0.0,0.3429,0.0,0.5403968253968253,0.03428571428571428,1,4,1,4,4,4,4,1,4,1,4,4,4,4,4,4,-3.5,1,-2.5565683599720557,1,0.0,0.0,10497432.0,0.0,0.0,0.0,0.4915290227094181,"confirmation_volume, momentum_aligned, not_extended, room_to_target, trend_aligned, volume_capitulation_reversal",none
LOW,0.0026504754103566443,0.0,4,0,0.002650475410357462,4,74.5,2.900899,2.900899,,4,0,0,0.0,0.0,0.0026499199590140424,0.0,4,0,2337759.0,0.0,0.0009332887034995414,0.0,1,0,0.0026504754103566443,LONG,0.0006626188525891611,0.0,0.00021,0.0,99.0,1.0,0.25,0.0,-0.05769230769230771,-0.3076923076923077,31-90,0.0,0,0.0,125233917607.0,1.9e-05,0.0,,,,,0.0,0.0,0.352121,0.0,0.0,0.0,5.291049463680785e-11,0.0,4.844848128239495,0.12618168720744702,2.128,0.0,1.6502,0.4667,0.0,0.6,0.0,0.4462,0.0,0.2156,0.0,0.0,0.6,0.0,0.33954296615286195,0.06,1,4,1,4,4,4,4,1,4,1,4,4,4,4,4,4,-2.331206647870137,1,-1.7152274570413895,1,0.0,0.0,2664893.0,0.0,0.0,0.0,0.4844848128239495,"ema_pullback, momentum_aligned, not_extended, room_to_target, trend_aligned",confirmation_volume
CMG,1285837.9871388515,0.0,1,0,1285837.9871388515,1,39.0,2.46665,2.46665,,1,0,0,0.0,0.0,1285837.9871388515,0.0,1,0,1610000.0,0.0,665352.4958307475,0.0,1,0,1285837.9871388515,LONG,1285837.9871388515,0.0,0.0,0.0,99.0,1.0,0.0,0.0,-0.3076923076923077,-0.3076923076923077,31-90,0.0,1,1.0,41493056220.0,3.9e-05,0.0,,,,,1.6e-05,0.0,0.517447,0.0,0.0,0.0,0.30989233001329675,0.0,4.719769623297966,0.1505186260199119,1.3449,1.1247,1.6502,0.0,0.0,0.6,0.0,0.5413,0.0,0.3639,0.0,0.0,0.6,0.0,0.4417623621569953,0.06,1,4,1,4,4,4,4,1,4,1,4,4,4,4,4,4,-3.5,1,-2.6393645121943194,1,0.0,0.0,1610000.0,0.0,0.0,0.0,0.4719769623297965,"ema_pullback, not_extended, room_to_target","confirmation_volume, momentum_aligned, trend_aligned"
RMD,1.0102738843496728e-32,0.0,1,0,2.0205477686993455e-32,1,42.0,66.75,66.75,,1,0,0,0.0,0.0,1.0102738843496728e-32,0.0,1,0,297910.0,0.0,3.284607980079123e-33,0.0,1,0,1.0102738843496728e-32,LONG,1.0102738843496728e-32,0.0,0.0,0.0,99.0,1.0,0.0,0.0,-0.3076923076923077,-0.3076923076923077,31-90,0.0,1,1.0,30743250025.0,1e-05,0.0,,,,,0.0,0.0,0.325121,0.0,0.0,0.0,3.286164876934389e-39,0.0,4.710046983770704,0.18856428879197695,2.4599,0.0,1.6502,0.0,0.0,0.6,0.0,0.8509,0.0,0.4348,0.0,0.0,0.6,0.0,0.2662331240351296,0.06,1,4,1,4,4,4,4,1,4,1,4,4,4,4,4,4,-1.6506603476201602,1,-1.6858408337487698,1,0.0,0.0,595820.0,0.0,0.0,0.0,0.47100469837707043,"momentum_aligned, not_extended, room_to_target, trend_aligned, volume_capitulation_reversal",confirmation_volume
VST,1964315.1977117723,0.0,1,0,1964315.1977117723,1,39.0,4.658642,4.658642,,1,0,0,0.0,0.0,1964315.1977117723,0.0,1,0,2632500.0,0.0,371709.64463895693,0.0,1,0,1964315.1977117723,LONG,1964315.1977117723,0.0,0.0,0.0,99.0,1.0,0.0,0.0,-0.3076923076923077,-0.3076923076923077,31-90,0.0,1,1.0,47186952065.0,5.6e-05,0.0,,,,,8e-06,0.0,0.189231,0.0,0.0,0.0,0.4162835512253322,0.0,4.647180539422583,0.13331265413868362,0.9408,1.4562,1.6502,0.0,0.0,0.6,0.0,0.48,0.0,0.2531,0.0,0.0,0.6,0.0,0.5601561876906045,0.06,1,4,1,4,4,4,4,1,4,1,4,4,4,4,4,4,-3.5,1,-1.9261119800780182,1,0.0,0.0,2632500.0,0.0,0.0,0.0,0.46471805394225824,"bounce_and_fail, momentum_aligned, not_extended, room_to_target","confirmation_volume, trend_aligned"
AXTI,390230.0559346463,0.0,1,0,780460.1118692926,1,102.0,4.873494,4.873494,,1,1,0,390230.0559346463,0.0,390230.0559346463,0.0,1,0,461827.5,0.0,30984.579041859964,0.0,1,0,390230.0559346463,LONG,390230.0559346463,0.0,0.0,0.0,99.0,0.7,0.0,0.0,-0.3076923076923077,-0.3076923076923077,91+,1.0,0,0.0,5795185639.0,8e-05,0.0,,,,,5e-06,0.0,0.079401,0.0,0.0,0.0,0.673369379763274,0.0,4.415880196679139,0.09191193014501628,0.5729,1.7,1.6502,0.0,0.15,0.3429,0.0,0.3558,0.0,0.2204,0.0,0.0,0.3429,0.0,0.6345628067461327,0.03428571428571428,1,4,1,4,4,4,4,1,4,1,4,4,4,4,4,4,-3.46441537146551,1,-1.9141661847241616,1,0.0,0.0,923655.0,0.0,0.0,0.0,0.44158801966791394,"confirmation_volume, momentum_aligned, not_extended, room_to_target, trend_aligned, trend_continuation",none
TER,4.85511987364131e-07,8.589962713951947e-07,4,6,1.3445082587593258e-06,10,86.8,5.07429,5.317347,4.912252,10,2,1,5.0349988704225416e-08,5.71107538543647e-08,4.3514403331139343e-07,6.827074294410688e-07,4,6,6444691.0,7491919.0,5.8282517001769e-08,4.374684164594572e-07,1,1,-3.734842840310637e-07,SHORT,1.2137799684103275e-07,1.4316604523253247e-07,0.103742,0.205227,0.5652084922039942,1.0,0.25,0.16666666666666666,-0.05769230769230771,-0.14102564102564105,91+,0.1667,0,0.0,59301609883.0,0.000109,0.000126,,,,,0.0,0.0,0.120043,0.509279,0.0,0.0,2.0467909232229494e-14,2.414201663580366e-14,4.340848768851645,0.47074262761927627,1.3213,0.0,1.6502,0.4667,0.3,0.6,0.0027,1.4543,0.0,1.6502,0.7778,0.15,0.6,0.0752,0.5969339523809524,0.6202939920634921,1,4,1,4,4,4,4,1,4,1,4,4,4,4,4,4,-3.4330240228022855,1,-2.8242994638354224,1,0.0,1326840.0,6444691.0,7491919.0,624500.0,0.0,0.43408487688516445,none,none
DDOG,22.196749007332194,9.07602907113416,4,4,32.53909666511886,8,70.75,5.889672,9.021545,2.757799,8,2,1,15.513637691710091,6.247421379362556e-07,14.910044649600577,8.452601350890374,4,4,3622365.5,3428360.5,7.411995861532953,1.035112959442935,2,1,13.120719936198034,LONG,5.5491872518330485,2.26900726778354,0.328278,0.068689,2.4456454285638864,1.0,0.5,0.25,0.1923076923076923,-0.05769230769230771,31-90,0.5,0,0.0,78344236353.0,4.6e-05,4.4e-05,,,,,0.0,0.0,0.327175,0.116433,0.0,0.0,7.083082955623904e-07,2.8962019076425064e-07,3.7804498504028694,0.3529264225436085,0.6006,0.0,1.6502,0.4667,0.3,0.6,0.1631,0.6624,0.0,1.6502,0.4667,0.15,0.6,0.0,0.47938538674678155,0.42575522655841125,1,4,1,4,4,4,4,1,4,1,4,4,4,4,4,4,-3.5,1,-3.21632414582011,1,0.0,0.0,5125270.0,6039166.0,0.0,0.0,0.37804498504028694,none,none
TLN,0.028952681840019024,0.280305776819529,2,1,0.589564235479077,3,86.0,15.289998,15.84879,14.172414,3,0,1,0.0,0.280305776819529,0.028952589583053186,0.280305776819529,2,1,2351420.0,316793.0,0.01712814454686406,0.006576825640696399,0,1,-0.25135309497951,SHORT,0.014476340920009512,0.280305776819529,3e-06,0.0,0.10328963665511541,1.0,0.0,0.0,-0.3076923076923077,-0.3076923076923077,31-90,1.0,1,0.3333,16660266997.0,0.000141,1.9e-05,,,,,0.0,0.0,0.591591,0.023463,0.0,0.0,8.689141009934748e-09,1.6824807001592676e-07,3.762495138069229,0.3088868334650541,1.3568,0.0,1.6502,0.1556,0.0,0.6,0.0,0.6887,0.0,1.6502,0.0,0.15,0.6,0.0,0.5355555555555556,0.3146151674861953,1,4,1,4,4,4,4,1,4,1,4,4,4,4,4,4,-1.8204263322499927,1,-1.8972539328712685,1,0.0,0.0,2351420.0,633586.0,507500.0,0.0,0.3762495138069229,"momentum_aligned, not_extended, room_to_target, trend_continuation","confirmation_volume, trend_aligned"
CBRS,718375.0609221652,6.287139325292511e-08,2,2,718375.0609222909,4,80.5,52.855943,68.850775,36.861111,4,1,0,1.7901473058803554e-16,0.0,718375.0609221652,3.8102079563845614e-08,2,2,2152908.0,1640784.5,1366.2670266662867,4.400796186537109e-08,1,0,718375.0609221023,LONG,359187.5304610826,3.143569662646256e-08,0.0,0.393968,99.0,1.0,0.0,0.0,-0.3076923076923077,-0.3076923076923077,31-90,0.5,0,0.0,20888677525.0,0.000103,7.9e-05,,,,,0.0,0.0,0.001902,0.699968,0.0,0.0,0.17195321725427545,1.504915597880223e-14,3.7477885909931246,0.293382858568248,0.5397,0.6524,1.6502,0.1556,0.15,0.6,0.0,0.3181,0.0,1.6502,0.1556,0.0,0.6,0.21,0.6157934654660862,0.5094655928138965,1,4,1,4,4,4,4,1,4,1,4,4,4,4,4,4,-3.5,1,-2.305273234315721,1,0.0,0.0,2152908.0,3281569.0,0.0,0.0,0.37477885909931247,none,none
RBLX,0.029668685372293224,0.0,2,0,0.029668685372293224,2,59.5,3.1104,3.1104,,2,1,0,0.0033439287064818283,0.0,0.026324756665811397,0.0,2,0,1793881.0,0.0,0.010746047713466652,0.0,1,0,0.029668685372293224,LONG,0.014834342686146612,0.0,0.112709,0.0,99.0,1.0,0.0,0.0,-0.3076923076923077,-0.3076923076923077,31-90,0.5,0,0.0,25319035017.0,7.1e-05,0.0,,,,,0.0,0.0,0.362202,0.0,0.0,0.0,5.858968430742469e-09,0.0,3.6128706887502835,0.12421248888668142,1.0481,0.0,1.6502,0.1556,0.15,0.6,0.0091,0.4211,0.0,0.221,0.0,0.0,0.6,0.0,0.48496771130220123,0.06,1,4,1,4,4,4,4,1,4,1,4,4,4,4,4,4,-3.2165206872690666,1,-2.178529733680659,1,0.0,0.0,1793881.0,0.0,0.0,0.0,0.36128706887502837,"momentum_aligned, not_extended, room_to_target, trend_continuation","confirmation_volume, trend_aligned"
GLW,272783.7094040053,1.4440556471678008e-08,4,2,545567.3588903574,6,83.5,5.612301,4.876307,7.084291,6,1,1,272783.64948633773,4.622053463712972e-09,272783.64948633773,9.818503007965037e-09,4,2,7272095.5,5638237.0,106210.53947813244,2.1128062445615082e-09,1,0,272783.7094039909,LONG,68195.92735100133,7.220278235839004e-09,0.0,0.320074,99.0,1.0,0.25,0.0,-0.05769230769230771,-0.3076923076923077,31-90,0.25,0,0.0,142714818680.0,5.1e-05,4e-05,,,,,1e-06,0.0,0.389358,0.146311,0.0,0.0,0.0047784755627873895,5.059235125420687e-16,3.5484509598119587,0.3375655689300764,0.6816,0.0,1.6502,0.4667,0.15,0.6,0.0,0.6627,0.0,1.6502,0.1556,0.15,0.6,0.1572,0.4623732541493488,0.41487552116535575,1,4,1,4,4,4,4,1,4,1,4,4,4,4,4,4,-3.5,1,-2.412141504840316,1,0.0,0.0,7691946.0,5638237.0,0.0,1475155.0,0.35484509598119585,none,none
MRVL,0.28952668488718536,1.0177243735291284e-06,5,1,0.5735373870145691,6,84.0,4.17111,4.802789,1.012712,6,1,0,0.2831438993561103,0.0,0.2831438993561103,1.0177243735291284e-06,5,1,3606441.5,1740565.0,0.00257661052677598,2.468975688272762e-07,1,0,0.2895256671628118,LONG,0.05790533697743707,1.0177243735291284e-06,0.022046,0.0,99.0,1.0,0.2,0.0,-0.1076923076923077,-0.3076923076923077,8-30,0.2,0,0.0,191336256000.0,1.9e-05,9e-06,,,,,0.0,0.0,0.00893,0.242598,0.0,0.0,3.026365111766223e-09,5.3190356851611456e-14,3.541815102209082,0.27860178584234363,0.5194,0.0,1.6502,0.6222,0.15,0.6,0.0,0.5358,0.0,1.6502,0.0,0.0,0.6,0.0,0.3768373897084175,0.12722102884441538,1,4,1,4,4,4,4,1,4,1,4,4,4,4,4,4,-3.5,1,-3.3172030552673766,1,1230873.0,1435650.0,4170520.0,1740565.0,603595.0,0.0,0.35418151022090816,"momentum_aligned, not_extended, room_to_target, trend_continuation","confirmation_volume, trend_aligned"
TEAM,260426.48135781242,0.0,1,0,520852.96271562483,1,39.0,310.5,310.5,,1,1,0,260426.48135781242,0.0,260426.48135781242,0.0,1,0,289248.5,0.0,145851.01604464173,0.0,1,0,260426.48135781242,LONG,260426.48135781242,0.0,0.0,0.0,99.0,1.0,0.0,0.0,-0.3076923076923077,-0.3076923076923077,31-90,1.0,0,0.0,23796676902.0,1.2e-05,0.0,,,,,6e-06,0.0,0.560047,0.0,0.0,0.0,0.10943817173730033,0.0,3.4915581275667797,0.13378449273120008,0.6717,0.4197,1.6502,0.0,0.15,0.6,0.0,0.5116,0.0,0.2263,0.0,0.0,0.6,0.0,0.33084955578101477,0.06,1,4,1,4,4,4,4,1,4,1,4,4,4,4,4,4,-3.5,1,-1.6982166343835579,1,0.0,0.0,578497.0,0.0,0.0,0.0,0.34915581275667795,"confirmation_volume, momentum_aligned, not_extended, trend_aligned, trend_continuation",room_to_target
AFRM,0.9486427489803708,0.0,1,0,0.9486427489803708,1,72.0,104.117647,104.117647,,1,0,0,0.0,0.0,0.9486427489803708,0.0,1,0,1476252.0,0.0,0.4301381214857345,0.0,1,0,0.9486427489803708,LONG,0.9486427489803708,0.0,0.0,0.0,99.0,1.0,0.0,0.0,-0.3076923076923077,-0.3076923076923077,31-90,0.0,0,0.0,22150424525.0,6.7e-05,0.0,,,,,0.0,0.0,0.453425,0.0,0.0,0.0,4.2827294253872586e-07,0.0,3.4714508352954727,0.12153712375869391,1.2213,0.0,1.6502,0.0,0.0,0.6,0.0,0.4483,0.0,0.1671,0.0,0.0,0.6,0.0,0.44345715481487397,0.06,1,4,1,4,4,4,4,1,4,1,4,4,4,4,4,4,-3.5,1,-2.0858545954302397,1,0.0,0.0,1476252.0,0.0,0.0,0.0,0.34714508352954726,"not_extended, room_to_target, trend_aligned, trend_continuation","confirmation_volume, momentum_aligned"
DASH,835478.3399446593,0.0,2,0,835600.9692459995,2,103.5,82.778846,82.778846,,2,0,0,0.0,0.0,835355.7106433191,0.0,2,0,1797724.5,0.0,235431.67612704524,0.0,1,0,835478.3399446593,LONG,417739.16997232963,0.0,0.000147,0.0,99.0,0.7,0.0,0.0,-0.3076923076923077,-0.3076923076923077,91+,0.0,0,0.0,88448808230.0,2e-05,0.0,125006357.0,925995.0,0.014381064636576842,0.0,3e-06,0.0,0.281856,0.0,0.0,0.0,0.04722948543139795,0.0,3.4645712407683704,0.10466559001309775,1.1413,0.1747,1.6502,0.1556,0.0,0.3429,0.0,0.4065,0.0,0.2973,0.0,0.0,0.3429,0.0,0.3104809235778042,0.03428571428571428,1,4,1,4,4,4,4,1,4,1,4,4,4,4,4,4,-3.466384905562333,1,-2.2435770824820076,1,0.0,3436750.0,2422949.0,0.0,0.0,0.0,0.34645712407683704,"confirmation_volume, momentum_aligned, not_extended, room_to_target, trend_aligned, trend_continuation",none
TQQQ,0.7275112766777964,0.0,2,0,1.4550225533555927,2,30.0,16.381469,16.381469,,2,0,0,0.0,0.0,0.5430274687660888,0.0,2,0,874768.5,0.0,0.18796267212154535,0.0,1,0,0.7275112766777964,LONG,0.3637556383388982,0.0,0.253582,0.0,99.0,1.0,0.0,0.0,-0.3076923076923077,-0.3076923076923077,8-30,0.0,0,0.0,74.4978,0.0,0.0,,,,,0.0,0.0,0.258364,0.0,0.0,0.0,0.0,0.0,3.4040537186061486,0.20785465419260318,0.9787,0.0,1.5601,0.1556,0.0,0.6,0.1097,0.9787,0.0,0.4998,0.0,0.0,0.6,0.0,0.2565256984126984,0.06,3,4,3,4,4,4,4,3,4,3,4,4,4,4,4,4,,4,,4,0.0,683280.0,1749537.0,0.0,0.0,0.0,0.34040537186061487,"momentum_aligned, not_extended, room_to_target, support_ema_confluence, trend_aligned",confirmation_volume
EQIX,3.891854007426469e-43,0.33798006967463373,1,1,0.33798006967463373,2,93.0,43.6,17.2,70.0,2,0,0,0.0,0.0,3.891854007426469e-43,0.33798006967463373,1,1,791198.0,514500.0,2.518617819241974e-43,0.1610090560124395,0,1,-0.33798006967463373,SHORT,3.891854007426469e-43,0.33798006967463373,0.0,0.0,1.151503995834155e-42,0.7,0.0,0.0,-0.3076923076923077,-0.3076923076923077,91+,0.0,0,0.0,102877073257.0,8e-06,5e-06,,,,,0.0,0.0,0.647151,0.476386,0.0,0.0,3.783013925468236e-50,3.2852807625107745e-08,3.403654411432282,0.31254659264254236,1.4106,0.0,1.6502,0.0,0.0,0.3429,0.0,1.1324,0.0,1.6502,0.0,0.0,0.3429,0.0,0.2327300872221513,0.22077225351163543,1,4,1,4,4,4,4,1,4,1,4,4,4,4,4,4,-1.2113124698267859,1,-1.570446185549715,1,0.0,0.0,791198.0,514500.0,0.0,0.0,0.3403654411432282,"ema_pullback, momentum_aligned, not_extended, room_to_target","confirmation_volume, trend_aligned"
ADBE,69.61903988929895,1651.7155713816935,3,3,1768.2609711265848,6,82.0,18.10576,1.8774,34.334119,6,0,1,0.0,101.41859723048664,46.92635985559233,1412.1061956018618,3,3,2036498.0,9354815.0,14.6110392827809,200.49336182008918,1,3,-1582.0965314923947,SHORT,23.206346629766315,550.5718571272312,0.325955,0.145067,0.042149532943532894,1.0,0.3333333333333333,1.0,0.025641025641025605,0.6923076923076923,31-90,0.3333,1,0.1667,105420975000.0,1.9e-05,8.9e-05,,,,,0.0,0.0,0.182471,0.121385,0.0,0.0,2.201302599389383e-06,5.2226025904923685e-05,3.2766836412346767,0.3648878771208974,0.554,0.0,1.6502,0.3111,0.0,0.6,0.1614,0.9054,0.0,1.6502,0.3111,0.15,0.6,0.0322,0.2705291214544493,0.5453174811657294,1,4,1,4,4,4,4,1,4,1,4,4,4,4,4,4,-3.5,1,-1.7591907555074104,1,0.0,870138.0,2302588.0,9354815.0,0.0,911573.0,0.32766836412346767,none,none
SLV,1099549.9059399806,0.0,2,0,1099549.9059399806,2,46.0,476.421875,476.421875,,2,0,0,0.0,0.0,674949.380944384,0.0,2,0,1639065.0,0.0,87252.4545805351,0.0,2,0,1099549.9059399806,LONG,549774.9529699903,0.0,0.386158,0.0,99.0,1.0,0.0,0.0,-0.3076923076923077,-0.3076923076923077,31-90,0.0,0,0.0,38529495748.0,4.3e-05,0.0,,,,,2e-06,0.0,0.079353,0.0,0.0,0.0,0.1426893714274805,0.0,3.2401654970181406,0.08217135142809248,0.085,0.545,1.6502,0.1556,0.0,0.6,0.2044,0.1719,0.0,0.0498,0.0,0.0,0.6,0.0,0.4680992838197943,0.06,1,4,1,4,4,4,4,1,4,1,4,4,4,4,4,4,-3.5,1,-1.8907983682904197,1,519210.0,0.0,1639065.0,0.0,0.0,0.0,0.32401654970181404,"confirmation_volume, momentum_aligned, not_extended, retest_and_confirm, room_to_target",trend_aligned
PENG,5.784873098643655e-59,3.1500788905942048e-27,1,5,3.1500788905942048e-27,6,77.833333,14.988592,2.410811,17.504148,6,0,0,0.0,0.0,5.784873098643655e-59,1.888684224259784e-27,1,5,574026.0,3202787.0,1.4787342174352957e-59,7.639600020889563e-28,0,2,-3.1500788905942048e-27,SHORT,5.784873098643655e-59,6.300157781188409e-28,0.0,0.400433,1.8364216578564623e-32,1.0,0.0,0.4,-0.3076923076923077,0.09230769230769231,91+,0.0,0,0.0,2994110903.0,0.000192,0.00107,,,,,0.0,0.0,0.255621,0.242521,0.0,0.0,1.93208377580383e-64,2.1041831733339804e-33,3.2264237051476536,0.519978628983383,0.9763,0.0,1.6502,0.0,0.0,0.6,0.0,2.1128,0.0,1.6502,0.6222,0.0,0.6,0.2146,0.479935148,0.6036817222222222,1,4,1,4,4,4,4,1,4,1,4,4,4,4,4,4,-3.433332675113702,1,-1.8526248175968385,1,509330.0,0.0,574026.0,3202787.0,898500.0,0.0,0.32264237051476535,none,none
CRCL,0.029537651111200627,3.096202686073411e-09,2,1,0.05907530841480663,3,65.666667,3.390589,3.740974,2.689819,3,1,1,0.014025316711220827,3.096202686073411e-09,0.0155123343999798,3.096202686073411e-09,2,1,658783.5,743345.0,0.00023125636421987176,2.3697750111689977e-10,2,0,0.02953764801499794,LONG,0.014768825555600313,3.096202686073411e-09,0.474828,0.0,99.0,1.0,0.0,0.0,-0.3076923076923077,-0.3076923076923077,31-90,0.5,0,0.0,15646461617.0,4.2e-05,4.8e-05,,,,,0.0,0.0,0.007829,0.076538,0.0,0.0,9.439083364096756e-09,1.9788516802478608e-15,3.1588296959110655,0.26790292020001777,0.3354,0.0,1.6502,0.1556,0.15,0.6,0.2677,0.2789,0.0,1.6502,0.0,0.15,0.6,0.0,0.4319504016039626,0.38609610015086526,1,4,1,4,4,4,4,1,4,1,4,4,4,4,4,4,-3.1059504780154947,1,-3.230042457166644,1,0.0,0.0,1317567.0,1486690.0,0.0,0.0,0.31588296959110657,none,none
KORU,8.183175245741179e-19,1.111041713596038e-18,1,2,3.0404009517661938e-18,3,59.0,12.104875,13.688776,11.312925,3,1,2,8.183175245741179e-19,1.111041713596038e-18,8.183175245741179e-19,6.574524593417694e-19,1,2,834682.0,1139368.0,1.1899579297389184e-20,1.6423938044809962e-20,1,2,-2.9272418902192014e-19,SHORT,8.183175245741179e-19,5.55520856798019e-19,0.0,0.408256,0.7365317742441205,1.0,0.0,0.0,-0.3076923076923077,-0.3076923076923077,31-90,1.0,0,0.0,1314125648.0,0.000635,0.000867,,,,,0.0,0.0,0.014542,0.014782,0.0,0.0,6.227087385590072e-24,4.22730396932348e-24,3.1039656871894343,0.36005958829611073,0.7038,0.0,1.6502,0.0,0.15,0.6,0.0,0.6747,0.0,1.6502,0.1556,0.3,0.6,0.2202,0.5349999999999999,0.5875738412698412,1,4,1,4,4,4,4,1,4,1,4,4,4,4,4,4,-3.4382247974445264,1,-2.910317668887456,1,0.0,0.0,834682.0,2278736.0,0.0,0.0,0.31039656871894344,none,none
CIEN,263.979958949739,0.0,3,0,527.9599170756578,3,66.333333,55.891618,55.891618,,3,0,0,0.0,0.0,263.97995812591876,0.0,3,0,2621967.5,0.0,181.16607489999507,0.0,1,0,263.979958949739,LONG,87.993319649913,0.0,0.0,0.0,99.0,1.0,0.3333333333333333,0.0,0.025641025641025605,-0.3076923076923077,31-90,0.0,0,0.0,58375009504.0,4.5e-05,0.0,,,,,0.0,0.0,0.686287,0.0,0.0,0.0,1.5073799627198944e-05,0.0,3.084601156911071,0.11516635250475529,0.5233,0.0,1.6502,0.3111,0.0,0.6,0.0,0.3006,0.0,0.251,0.0,0.0,0.6,0.0,0.4146068941537434,0.06,1,4,1,4,4,4,4,1,4,1,4,4,4,4,4,4,-3.5,1,-3.5,1,0.0,0.0,3553450.0,0.0,773790.0,0.0,0.3084601156911071,"ema_pullback, not_extended, room_to_target","confirmation_volume, momentum_aligned, trend_aligned"
SITM,3.670218179648158e-07,104.93273660504823,1,6,105.36633669810823,7,100.714286,16.035897,4.769231,18.289231,7,0,0,0.0,0.0,3.670218179648158e-07,104.49913597578814,1,6,622200.0,3123530.0,1.4864735839351983e-07,39.338407162809666,0,1,-104.93273623802642,SHORT,3.670218179648158e-07,17.488789434174706,0.0,0.004132,3.497686516518036e-09,0.7,0.0,0.16666666666666666,-0.3076923076923077,-0.14102564102564105,31-90,0.0,0,0.0,21809920990.0,2.9e-05,0.000143,,,,,0.0,0.0,0.40501,0.374023,0.0,0.0,1.6828204840040358e-13,8.018731219702005e-06,3.0520291454331048,0.5358039961597498,1.059,0.0,1.6502,0.0,0.0,0.3429,0.0,2.5872,0.0,1.6502,0.7778,0.0,0.3429,0.0,0.3081513094086652,0.572063492063492,1,4,1,4,4,4,4,1,4,1,4,4,4,4,4,4,-1.8814600681722857,1,-1.76117565140788,1,0.0,0.0,622200.0,3658590.0,0.0,0.0,0.3052029145433105,none,none
FSLR,0.001993333479800165,0.0,1,0,0.001993333479800165,1,74.0,2.237037,2.237037,,1,1,0,0.001993333479800165,0.0,0.001993333479800165,0.0,1,0,582806.0,0.0,0.00045366599433668153,0.0,1,0,0.001993333479800165,LONG,0.001993333479800165,0.0,0.0,0.0,99.0,1.0,0.0,0.0,-0.3076923076923077,-0.3076923076923077,31-90,1.0,0,0.0,26872820489.0,2.2e-05,0.0,,,,,0.0,0.0,0.227592,0.0,0.0,0.0,7.417656366275758e-10,0.0,3.050138303838552,0.13531790949789002,0.65,0.0,1.6502,0.0,0.15,0.6,0.0,0.4712,0.0,0.282,0.0,0.0,0.6,0.0,0.27330207233839765,0.06,1,4,1,4,4,4,4,1,4,1,4,4,4,4,4,4,-3.5,1,-2.968701153727867,1,0.0,0.0,582806.0,0.0,0.0,0.0,0.3050138303838552,"confirmation_volume, momentum_aligned, not_extended, room_to_target, trend_aligned, trend_continuation",none
RKLB,0.2898478642474778,0.42697025197383526,3,1,1.4336362323380878,4,60.5,10.52873,13.696351,1.025868,4,1,0,0.28534700081745873,0.0,0.28534700081745873,0.42697025197383526,3,1,2207416.5,675587.0,0.0018750416776760074,0.06899141971525481,1,0,-0.13712238772635743,SHORT,0.09661595474915928,0.42697025197383526,0.015528,0.0,0.6788479124893219,1.0,0.3333333333333333,0.0,0.025641025641025605,-0.3076923076923077,31-90,0.0,0,0.0,47937944502.0,4.6e-05,1.4e-05,,,,,0.0,0.0,0.006469,0.161584,0.0,0.0,2.0154379949505013e-08,8.906728405011646e-08,3.0256651471012526,0.24750151796564457,0.3144,0.0,1.6502,0.3111,0.15,0.6,0.0,0.2248,0.0,1.6502,0.0,0.0,0.6,0.0,0.4325242597626546,0.1471535820479601,1,4,1,4,4,4,4,1,4,1,4,4,4,4,4,4,-3.5,1,-3.5,1,0.0,0.0,3674987.0,1351174.0,532500.0,0.0,0.30256651471012525,"confirmation_volume, momentum_aligned, not_extended, room_to_target, trend_continuation",trend_aligned
AAOI,6.218731485283254e-08,0.0,2,0,8.308044032907689e-08,2,50.0,2.161729,2.161729,,2,0,0,0.0,0.0,4.12941893765882e-08,0.0,2,0,1658390.5,0.0,4.572461520448177e-09,0.0,2,0,6.218731485283254e-08,LONG,3.109365742641627e-08,0.0,0.335971,0.0,99.0,1.0,0.0,0.0,-0.3076923076923077,-0.3076923076923077,31-90,0.0,0,0.0,11470125614.0,0.000145,0.0,,,,,0.0,0.0,0.084462,0.0,0.0,0.0,2.710838440031078e-14,0.0,3.0239735225440354,0.12847739146074877,0.4497,0.0,1.6502,0.1556,0.0,0.6,0.1686,0.4815,0.0,0.2033,0.0,0.0,0.6,0.0,0.4954081989841269,0.06,1,4,1,4,4,4,4,1,4,1,4,4,4,4,4,4,-3.5,1,-1.780776310193545,1,0.0,2908800.0,2225748.0,0.0,0.0,0.0,0.30239735225440356,"confirmation_volume, ema_pullback, momentum_aligned, not_extended, room_to_target, trend_aligned",none
ETSY,1.9299009231777807e-26,0.0,1,0,3.8598018463555614e-26,1,37.0,13.513966,13.513966,,1,0,0,0.0,0.0,1.9299009231777807e-26,0.0,1,0,347236.0,0.0,2.212848415063718e-27,0.0,1,0,1.9299009231777807e-26,LONG,1.9299009231777807e-26,0.0,0.0,0.0,99.0,1.0,0.0,0.0,-0.3076923076923077,-0.3076923076923077,31-90,0.0,0,0.0,7851928541.0,4.4e-05,0.0,,,,,0.0,0.0,0.114661,0.0,0.0,0.0,2.4578686791410788e-32,0.0,3.0220260242719714,0.14366169820566377,0.7719,0.0,1.6502,0.0,0.0,0.6,0.0,0.5363,0.0,0.3003,0.0,0.0,0.6,0.0,0.3805582278917446,0.06,1,4,1,4,4,4,4,1,4,1,4,4,4,4,4,4,-3.5,1,-1.6484254023567595,1,0.0,0.0,694472.0,0.0,0.0,0.0,0.30220260242719715,"momentum_aligned, not_extended, room_to_target, trend_aligned, trend_continuation",confirmation_volume
SKHY,2108774.4167305864,1312555.2593034278,2,1,3421329.676034014,3,46.0,1054.528986,1557.75,48.086957,3,0,0,0.0,0.0,1375337.8189253674,1312555.2593034278,2,1,2710138.0,1701736.0,490374.9745769344,605139.337702111,2,1,796219.1574271587,LONG,1054387.2083652932,1312555.2593034278,0.347802,0.0,1.6066176275501816,1.0,0.0,0.0,-0.3076923076923077,-0.3076923076923077,31-90,0.0,0,0.0,1110000000000.0,2e-06,2e-06,,,,,0.0,1e-06,0.23254,0.461039,0.0,0.0,0.009498983859146786,0.011824822155886736,2.9889629551864982,0.24903059296416072,0.3873,0.019,1.6502,0.1556,0.0,0.6,0.177,0.2114,0.0287,1.6502,0.0,0.0,0.6,0.0,0.26933379801267066,0.23705498707554085,1,4,2,4,4,4,4,1,4,2,4,4,4,4,4,4,-3.006259386295526,1,-3.5,1,0.0,0.0,2710138.0,1701736.0,0.0,1203406.0,0.2988962955186498,"ema_pullback, not_extended, room_to_target","confirmation_volume, momentum_aligned, trend_aligned"
ON,0.003209192462541583,0.0,1,0,0.003209192462541583,1,74.0,3.32967,3.32967,,1,0,0,0.0,0.0,0.003209192462541583,0.0,1,0,1207149.0,0.0,0.0004270691716734696,0.0,1,0,0.003209192462541583,LONG,0.003209192462541583,0.0,0.0,0.0,99.0,1.0,0.0,0.0,-0.3076923076923077,-0.3076923076923077,31-90,0.0,0,0.0,31600432394.0,3.8e-05,0.0,,,,,0.0,0.0,0.133077,0.0,0.0,0.0,1.015553338805236e-09,0.0,2.962980048215025,0.12546635520402438,0.7128,0.0,1.6502,0.0,0.0,0.6,0.0,0.3592,0.0,0.2955,0.0,0.0,0.6,0.0,0.36249273448856506,0.06,1,4,1,4,4,4,4,1,4,1,4,4,4,4,4,4,-2.74755049834709,1,-2.099173588562884,1,0.0,0.0,1207149.0,0.0,0.0,0.0,0.2962980048215025,"momentum_aligned, not_extended, room_to_target","confirmation_volume, continuation_pattern, trend_aligned"
WDC,139.62357665284816,0.0,4,0,279.2471533056963,4,90.5,3.871039,3.871039,,4,0,0,0.0,0.0,69.303076875166,0.0,4,0,2047287.5,0.0,36.04829579663614,0.0,2,0,139.62357665284816,LONG,34.90589416321204,0.0,0.503643,0.0,99.0,0.7,0.5,0.0,0.1923076923076923,-0.3076923076923077,91+,0.0,0,0.0,149695449493.0,1.4e-05,0.0,,,,,0.0,0.0,0.258182,0.0,0.0,0.0,2.3317939377204847e-06,0.0,2.923604034355782,0.07057841516109309,0.1756,0.0,1.6502,0.4667,0.0,0.3429,0.2883,0.228,0.0,0.135,0.0,0.0,0.3429,0.0,0.3311785818574839,0.03428571428571428,1,4,1,4,4,4,4,1,4,1,4,4,4,4,4,4,-3.5,1,-3.5,1,512400.0,3762734.0,4094575.0,0.0,0.0,503270.0,0.2923604034355782,"not_extended, room_to_target, volume_capitulation_reversal","confirmation_volume, momentum_aligned, trend_aligned"
CSCO,6.545987801449315e-16,1.059138115119443e-19,1,2,1.309409387912887e-15,3,58.666667,1.579306,1.475789,1.682822,3,0,1,0.0,1.5371630221599e-20,6.545987801449315e-16,9.05421812903453e-20,1,2,293401.0,3176052.5,8.995379911307867e-17,8.327935420204189e-20,1,0,6.544928663334196e-16,LONG,6.545987801449315e-16,5.295690575597215e-20,0.0,0.145133,99.0,1.0,0.0,0.0,-0.3076923076923077,-0.3076923076923077,31-90,0.0,0,0.0,478608411371.0,1e-06,7e-06,,,,,0.0,0.0,0.137418,0.786294,0.0,0.0,1.3677126531683752e-23,1.1064767040820322e-27,2.6941844498004794,0.3291617576910281,0.444,0.0,1.6502,0.0,0.0,0.6,0.0,0.7037,0.0,1.6502,0.1556,0.15,0.6,0.0322,0.12635365199999998,0.19870697684646588,1,4,1,4,4,4,4,1,4,1,4,4,4,4,4,4,-3.1146279096601903,1,-2.6570079187958986,1,0.0,565893.0,586802.0,6352105.0,916679.0,672006.0,0.26941844498004797,none,none
NET,0.004060141620067643,1.4587926143141228e-20,1,1,0.008120283240135286,2,84.5,5.332168,1.769231,8.895105,2,0,1,0.0,1.4587926143141228e-20,0.004060141620067643,1.4587926143141228e-20,1,1,934920.0,432530.0,0.0006665183476485465,3.5088709047022297e-22,1,0,0.004060141620067643,LONG,0.004060141620067643,1.4587926143141228e-20,0.0,0.0,99.0,1.0,0.0,0.0,-0.3076923076923077,-0.3076923076923077,91+,0.0,0,0.0,96872739569.0,1e-05,4e-06,,,,,0.0,0.0,0.164161,0.024053,0.0,0.0,4.191211725952797e-10,1.505885578135283e-27,2.6677717417583624,0.2799800482430718,0.4176,0.0,1.6502,0.0,0.0,0.6,0.0,0.3996,0.0,1.6502,0.0,0.15,0.6,0.0,0.1825408320351296,0.25742454626463224,1,4,1,4,4,4,4,1,4,1,4,4,4,4,4,4,-3.5,1,-2.287912480757922,1,0.0,0.0,1869840.0,865060.0,0.0,1450935.0,0.26677717417583624,"confirmation_volume, momentum_aligned, not_extended, room_to_target, trend_aligned, trend_continuation",none
CDE,0.0222186387933473,1.907146851155883e-54,1,1,0.0222186387933473,2,98.0,1.289635,1.208472,1.370798,2,0,0,0.0,0.0,0.0222186387933473,1.907146851155883e-54,1,1,572125.0,300150.0,0.0013805907894099483,9.423978653515234e-55,1,0,0.0222186387933473,LONG,0.0222186387933473,1.907146851155883e-54,0.0,0.0,99.0,0.7,0.0,0.0,-0.3076923076923077,-0.3076923076923077,91+,0.0,0,0.0,17875789615.0,3.2e-05,1.7e-05,,,,,0.0,0.0,0.062137,0.49414,0.0,0.0,1.2429458654348399e-08,1.0668881723443147e-60,2.6630915780151443,0.22320075873454676,0.6701,0.0,1.6502,0.0,0.0,0.3429,0.0,0.239,0.0,1.6502,0.0,0.0,0.3429,0.0,0.19608588173656988,0.15592048157943872,1,4,1,4,4,4,4,1,4,1,4,4,4,4,4,4,-2.9736497004985485,1,-1.974950480031691,1,0.0,0.0,572125.0,600300.0,0.0,0.0,0.26630915780151443,"momentum_aligned, not_extended, room_to_target, support_ema_confluence, trend_aligned",confirmation_volume
ENPH,0.02727820778288244,0.0,1,0,0.02727820778288244,1,108.0,2.298165,2.298165,,1,0,0,0.0,0.0,0.02727820778288244,0.0,1,0,562500.0,0.0,0.000906154809537576,0.0,1,0,0.02727820778288244,LONG,0.02727820778288244,0.0,0.0,0.0,99.0,0.7,0.0,0.0,-0.3076923076923077,-0.3076923076923077,91+,0.0,0,0.0,5532896412.0,0.000102,0.0,,,,,0.0,0.0,0.033219,0.0,0.0,0.0,4.9301858830612136e-08,0.0,2.5688208249876325,0.10286502798590288,0.5758,0.0,1.6502,0.0,0.0,0.3429,0.0,0.5297,0.0,0.1561,0.0,0.0,0.3429,0.0,0.4465609342857143,0.03428571428571428,1,4,1,4,4,4,4,1,4,1,4,4,4,4,4,4,-3.5,1,-2.943536539360474,1,0.0,0.0,562500.0,0.0,0.0,0.0,0.25688208249876326,"momentum_aligned, not_extended, room_to_target, trend_continuation","confirmation_volume, trend_aligned"
PLTR,0.037226570722940666,0.016580289273310317,1,1,0.10761371999250197,2,52.0,377.789617,753.333333,2.245902,2,0,0,0.0,0.0,0.037226570722940666,0.016580289273310317,1,1,714340.0,274660.0,0.011496715348033875,0.0025447700721787153,1,1,0.02064628144963035,LONG,0.037226570722940666,0.016580289273310317,0.0,0.0,2.245230472719505,1.0,0.0,0.0,-0.3076923076923077,-0.3076923076923077,31-90,0.0,0,0.0,395745699721.0,2e-06,1e-06,,,,,0.0,0.0,0.308831,0.153482,0.0,0.0,9.40668988928631e-10,4.1896322019416487e-10,2.4903323310580943,0.24536690246514095,0.2402,0.0,1.6502,0.0,0.0,0.6,0.0,0.2035,0.0,1.6502,0.0,0.0,0.6,0.0,0.23418205378098517,0.178721336,1,4,1,4,4,4,4,1,4,1,4,4,4,4,4,4,-3.5,1,-3.5,1,0.0,14286305.0,1428680.0,549320.0,1061400.0,0.0,0.24903323310580944,"confirmation_volume, momentum_aligned, not_extended, room_to_target, trend_aligned, trend_continuation",none
AVGO,0.19012545370864337,0.3190820787828507,1,2,1.0184150649829882,3,31.666667,17.269919,8.206186,21.801786,3,0,0,0.0,0.0,0.19012545370864337,0.31908138440181405,1,2,284059.0,975376.5,0.002835140597453983,0.026616199547307966,0,1,-0.12895662507420735,SHORT,0.19012545370864337,0.15954103939142536,0.0,2e-06,0.5958512444004479,1.0,0.0,0.0,-0.3076923076923077,-0.3076923076923077,8-30,0.0,0,0.0,2035102505496.0,0.0,0.0,,,,,0.0,0.0,0.014912,0.083415,0.0,0.0,9.342303554498624e-10,7.839459632159493e-10,2.4876802715691513,0.2764505968657043,0.2375,0.0,1.6502,0.0,0.0,0.6,0.0,0.3588,0.0,1.6502,0.1556,0.0,0.6,0.0,0.23,0.24555555555555555,1,4,1,4,4,4,4,1,4,1,4,4,4,4,4,4,-3.5,1,-3.5,1,2091711.0,6163232.0,568118.0,1950753.0,7770286.0,0.0,0.24876802715691512,none,none
GS,4.770296719841607e-07,0.0,1,0,4.770296719841607e-07,1,35.0,2.193182,2.193182,,1,0,0,0.0,0.0,4.770296719841607e-07,0.0,1,0,721975.0,0.0,2.228558340779158e-07,0.0,1,0,4.770296719841607e-07,LONG,4.770296719841607e-07,0.0,0.0,0.0,99.0,1.0,0.0,0.0,-0.3076923076923077,-0.3076923076923077,31-90,0.0,0,0.0,302704707471.0,2e-06,0.0,,,,,0.0,0.0,0.467174,0.0,0.0,0.0,1.575891157985581e-14,0.0,2.4811887076716777,0.08656341152322901,0.231,0.0,1.6502,0.0,0.0,0.6,0.0,0.1821,0.0,0.0835,0.0,0.0,0.6,0.0,0.17931842978098517,0.06,1,4,1,4,4,4,4,1,4,1,4,4,4,4,4,4,-3.5,1,-3.2592057341069376,1,0.0,0.0,721975.0,0.0,0.0,0.0,0.24811887076716777,"ema_pullback, not_extended, room_to_target","confirmation_volume, momentum_aligned, trend_aligned"
SQQQ,907193.9087836571,0.0,1,0,907193.9087836571,1,39.0,2.002441,2.002441,,1,0,0,0.0,0.0,907193.9087836571,0.0,1,0,1066545.0,0.0,513532.07616795856,0.0,1,0,907193.9087836571,LONG,907193.9087836571,0.0,0.0,0.0,99.0,1.0,0.0,0.0,-0.3076923076923077,-0.3076923076923077,31-90,0.0,0,0.0,37.3925,0.0,0.0,,,,,0.0,0.0,0.566066,0.0,0.0,0.0,0.0,0.0,2.17132127165459,0.20785465419260318,0.9787,0.0,0.5926,0.0,0.0,0.6,0.0,0.9787,0.0,0.4998,0.0,0.0,0.6,0.0,0.16216598800000004,0.06,3,4,3,4,4,4,4,3,4,3,4,4,4,4,4,4,,4,,4,0.0,0.0,1066545.0,0.0,0.0,0.0,0.21713212716545904,"bounce_and_fail, momentum_aligned, not_extended, room_to_target","confirmation_volume, trend_aligned"
AMZN,1.7236306141037105e-07,0.0,1,0,3.447261228207421e-07,1,112.0,5.757576,5.757576,,1,0,0,0.0,0.0,1.7236306141037105e-07,0.0,1,0,259700.0,0.0,9.180416122546549e-08,0.0,1,0,1.7236306141037105e-07,LONG,1.7236306141037105e-07,0.0,0.0,0.0,99.0,0.7,0.0,0.0,-0.3076923076923077,-0.3076923076923077,91+,0.0,0,0.0,2960627349243.0,0.0,0.0,,,,,0.0,0.0,0.532621,0.0,0.0,0.0,5.821842504239595e-16,0.0,2.0780318197587704,0.04916783107041847,0.085,0.0,1.6502,0.0,0.0,0.3429,0.0,0.085,0.0,0.0638,0.0,0.0,0.3429,0.0,0.2042857142857143,0.03428571428571428,1,4,1,4,4,4,4,1,4,1,4,4,4,4,4,4,-3.5,1,-3.0290067085062953,1,6426695.0,2489198.0,519400.0,0.0,0.0,0.0,0.20780318197587705,"momentum_aligned, not_extended, room_to_target, trend_aligned, trend_continuation",confirmation_volume
COHR,323221.46991239977,0.0,1,0,646442.9398247995,1,32.0,,,,1,0,0,0.0,0.0,323221.46991239977,0.0,1,0,332263.0,0.0,284960.22062604787,0.0,1,0,323221.46991239977,LONG,323221.46991239977,0.0,0.0,0.0,99.0,1.0,0.0,0.0,-0.3076923076923077,-0.3076923076923077,31-90,0.0,0,0.0,74172735771.0,4e-06,0.0,,,,,4e-06,0.0,0.881625,0.0,0.0,0.0,0.04357685698830226,0.0,1.0702296670885025,0.10768820018543043,0.178,0.1599,0.1323,0.0,0.0,0.6,0.0,0.3592,0.0,0.1177,0.0,0.0,0.6,0.0,0.08841374296523388,0.06,1,4,1,4,4,4,4,1,4,1,4,4,4,4,4,4,-3.5,1,-2.4880976744343477,1,0.0,0.0,664526.0,0.0,0.0,0.0,0.10702296670885025,"confirmation_volume, ema_pullback, not_extended, room_to_target, trend_aligned",momentum_aligned
