Date,open,high,low,close,adj_close,volume
2026-01-05,27.809999465942383,29.86000061035156,27.600000381469727,29.280000686645508,29.280000686645508,73826300
2026-01-06,29.229999542236328,29.299999237060547,26.030000686645508,26.979999542236328,26.979999542236328,120271300
2026-01-07,26.864999771118164,27.18000030517578,26.364999771118164,27.0,27.0,43444900
2026-01-08,27.0,28.05500030517578,26.56999969482422,27.719999313354492,27.719999313354492,50496100
2026-01-09,27.80500030517578,28.375,27.229999542236328,27.399999618530273,27.399999618530273,43777000
2026-01-12,27.290000915527344,27.31599998474121,26.200000762939453,26.600000381469727,26.600000381469727,49134000
2026-01-13,26.700000762939453,27.200000762939453,26.219999313354492,27.13999938964844,27.13999938964844,45562900
2026-01-14,27.0,27.084999084472656,25.920000076293945,26.670000076293945,26.670000076293945,40864200
2026-01-15,26.809999465942383,27.329999923706055,26.209999084472656,26.440000534057617,26.440000534057617,47958300
2026-01-16,26.540000915527344,26.780000686645508,26.010000228881836,26.1299991607666,26.1299991607666,40832300
2026-01-20,25.440000534057617,26.34000015258789,25.209999084472656,25.489999771118164,25.489999771118164,37001100
2026-01-21,25.5,26.049999237060547,24.950000762939453,25.63999938964844,25.63999938964844,50248300
2026-01-22,26.18000030517578,26.38999938964844,26.0,26.09000015258789,26.09000015258789,35356300
2026-01-23,26.0,26.1299991607666,25.600000381469727,25.850000381469727,25.850000381469727,34264200
2026-01-26,25.899999618530273,26.399999618530273,25.770000457763672,25.799999237060547,25.799999237060547,36320300
2026-01-27,25.899999618530273,25.93000030517578,25.209999084472656,25.459999084472656,25.459999084472656,38768100
2026-01-28,25.5,25.790000915527344,24.56999969482422,24.600000381469727,24.600000381469727,48776100
2026-01-29,24.864999771118164,25.1200008392334,24.049999237060547,24.360000610351562,24.360000610351562,67935300
2026-01-30,25.43000030517578,25.469999313354492,22.309999465942383,22.809999465942383,22.809999465942383,131667900
2026-02-02,22.510000228881836,23.0,21.860000610351562,22.079999923706055,22.079999923706055,64063800
2026-02-03,23.049999237060547,23.360000610351562,21.020000457763672,21.760000228881836,21.760000228881836,92380200
2026-02-04,21.489999771118164,21.764999389648438,20.06999969482422,20.75,20.75,85930900
2026-02-05,20.229999542236328,20.399999618530273,19.194000244140625,19.459999084472656,19.459999084472656,87454700
2026-02-06,20.290000915527344,21.15999984741211,20.040000915527344,20.860000610351562,20.860000610351562,67020900
2026-02-09,21.290000915527344,21.59000015258789,20.799999237060547,21.350000381469727,21.350000381469727,64079400
2026-02-10,21.09000015258789,22.0,21.049999237060547,21.18000030517578,21.18000030517578,55796600
2026-02-11,21.100000381469727,21.100000381469727,20.139999389648438,20.549999237060547,20.549999237060547,52565000
2026-02-12,20.790000915527344,20.790000915527344,19.040000915527344,19.299999237060547,19.299999237060547,63515100
2026-02-13,19.280000686645508,19.8700008392334,19.149999618530273,19.610000610351562,19.610000610351562,43139300
2026-02-17,19.40999984741211,19.84000015258789,19.110000610351562,19.510000228881836,19.510000228881836,49681800
2026-02-18,19.469999313354492,20.010000228881836,19.225000381469727,19.540000915527344,19.540000915527344,59588800
2026-02-19,19.329999923706055,19.479999542236328,18.969999313354492,19.299999237060547,19.299999237060547,53391100
2026-02-20,19.084999084472656,19.190000534057617,18.514999389648438,19.020000457763672,19.020000457763672,68549800
2026-02-23,18.729999542236328,18.7549991607666,17.579999923706055,18.219999313354492,18.219999313354492,82932900
2026-02-24,18.0,18.709999084472656,17.889999389648438,18.65999984741211,18.65999984741211,62839300
2026-02-25,19.280000686645508,19.6200008392334,18.93000030517578,19.290000915527344,19.290000915527344,67462500
2026-02-26,19.190000534057617,19.559999465942383,18.969999313354492,19.100000381469727,19.100000381469727,69888000
2026-02-27,18.15999984741211,18.209999084472656,17.309999465942383,17.760000228881836,17.760000228881836,115602700
2026-03-02,17.145000457763672,18.40999984741211,16.799999237060547,18.389999389648438,18.389999389648438,74612700
2026-03-03,18.0,19.040000915527344,17.690000534057617,18.610000610351562,18.610000610351562,71879300
2026-03-04,19.059999465942383,19.280000686645508,18.610000610351562,18.700000762939453,18.700000762939453,62745900
2026-03-05,18.649999618530273,19.479999542236328,18.639999389648438,19.25,19.25,68834400
2026-03-06,18.485000610351562,19.2450008392334,18.1200008392334,18.899999618530273,18.899999618530273,76383800
2026-03-09,18.329999923706055,18.94499969482422,17.770000457763672,18.790000915527344,18.790000915527344,75562800
2026-03-10,18.920000076293945,19.024999618530273,18.040000915527344,18.290000915527344,18.290000915527344,62077100
2026-03-11,18.389999389648438,18.850000381469727,17.969999313354492,18.530000686645508,18.530000686645508,59435000
2026-03-12,18.219999313354492,18.549999237060547,17.6200008392334,17.700000762939453,17.700000762939453,63114900
2026-03-13,17.799999237060547,18.149999618530273,17.530000686645508,17.760000228881836,17.760000228881836,56401700
2026-03-16,18.0,18.06999969482422,17.469999313354492,17.6299991607666,17.6299991607666,66832200
2026-03-17,17.719999313354492,18.2549991607666,16.479999542236328,17.3700008392334,17.3700008392334,160394800
2026-03-18,17.43000030517578,18.030000686645508,17.15999984741211,17.18000030517578,17.18000030517578,80507500
2026-03-19,16.75,17.295000076293945,16.579999923706055,17.079999923706055,17.079999923706055,72088500
2026-03-20,16.915000915527344,17.408000946044922,16.670000076293945,16.899999618530273,16.899999618530273,78470700
2026-03-23,17.155000686645508,17.40999984741211,16.84000015258789,17.149999618530273,17.149999618530273,71455700
2026-03-24,16.9950008392334,17.06999969482422,16.489999771118164,16.700000762939453,16.700000762939453,55320700
2026-03-25,17.040000915527344,17.34000015258789,16.520000457763672,16.559999465942383,16.559999465942383,45542800
2026-03-26,16.274999618530273,16.489999771118164,15.805000305175781,15.869999885559082,15.869999885559082,59196200
2026-03-27,15.670000076293945,15.6899995803833,15.149999618530273,15.229999542236328,15.229999542236328,54978600
2026-03-30,15.430000305175781,15.5649995803833,14.9350004196167,15.149999618530273,15.149999618530273,61936600
2026-03-31,15.449999809265137,16.024999618530273,15.3100004196167,15.880000114440918,15.880000114440918,51654300
2026-04-01,16.274999618530273,16.31999969482422,15.4399995803833,15.630000114440918,15.630000114440918,57772600
2026-04-02,15.1899995803833,15.890000343322754,14.930000305175781,15.850000381469727,15.850000381469727,53233600
2026-04-06,15.890000343322754,16.424999237060547,15.880000114440918,16.270000457763672,16.270000457763672,42632700
2026-04-07,16.15999984741211,16.354999542236328,15.90999984741211,16.110000610351562,16.110000610351562,41359100
2026-04-08,17.68000030517578,17.850000381469727,16.260000228881836,16.489999771118164,16.489999771118164,64323300
2026-04-09,16.389999389648438,16.469999313354492,15.914999961853027,16.270000457763672,16.270000457763672,43999800
2026-04-10,16.299999237060547,16.489999771118164,16.094999313354492,16.219999313354492,16.219999313354492,31786000
2026-04-13,16.0,17.059999465942383,15.960000038146973,17.049999237060547,17.049999237060547,50542200
2026-04-14,17.530000686645508,18.075000762939453,17.399999618530273,17.90999984741211,17.90999984741211,57502600
2026-04-15,18.469999313354492,18.81999969482422,18.170000076293945,18.790000915527344,18.790000915527344,71398000
2026-04-16,19.6200008392334,19.6200008392334,18.649999618530273,19.030000686645508,19.030000686645508,72544300
2026-04-17,19.600000381469727,20.1299991607666,19.389999389648438,19.43000030517578,19.43000030517578,73610400
2026-04-20,19.260000228881836,19.645000457763672,19.09000015258789,19.5,19.5,52582100
2026-04-21,19.510000228881836,19.770000457763672,18.690000534057617,18.829999923706055,18.829999923706055,65672700
2026-04-22,19.290000915527344,19.447999954223633,18.90999984741211,19.059999465942383,19.059999465942383,45964800
2026-04-23,18.770000457763672,18.899999618530273,17.93000030517578,18.31999969482422,18.31999969482422,51760700
2026-04-24,18.440000534057617,18.575000762939453,18.16699981689453,18.440000534057617,18.440000534057617,41206300
2026-04-27,18.479999542236328,19.170000076293945,18.389999389648438,18.760000228881836,18.760000228881836,47554300
2026-04-28,18.395000457763672,18.8700008392334,18.270000457763672,18.360000610351562,18.360000610351562,67972700
2026-04-29,16.549999237060547,16.59000015258789,15.5,15.524999618530273,15.524999618530273,200480800
2026-04-30,15.770000457763672,16.3700008392334,15.539999961853027,16.100000381469727,16.100000381469727,94742400
2026-05-01,16.235000610351562,16.795000076293945,15.875,16.43000030517578,16.43000030517578,79288500
2026-05-04,16.469999313354492,16.780000686645508,16.1299991607666,16.200000762939453,16.200000762939453,66311900
2026-05-05,16.170000076293945,16.309999465942383,15.9399995803833,16.020000457763672,16.020000457763672,53952900
2026-05-06,16.200000762939453,16.5049991607666,15.989999771118164,16.299999237060547,16.299999237060547,55998000
2026-05-07,16.260000228881836,16.459999084472656,15.829999923706055,16.0,16.0,58428800
2026-05-08,16.030000686645508,16.049999237060547,15.520000457763672,15.75,15.75,55866400
2026-05-11,15.800000190734863,16.31999969482422,15.770000457763672,16.260000228881836,16.260000228881836,70912400
2026-05-12,16.06999969482422,16.329999923706055,15.550000190734863,15.899999618530273,15.899999618530273,62891600
2026-05-13,15.710000038146973,15.710000038146973,15.21500015258789,15.3100004196167,15.3100004196167,59964500
2026-05-14,15.3100004196167,16.065000534057617,15.229999542236328,16.020000457763672,16.020000457763672,68804300
2026-05-15,15.699999809265137,15.84000015258789,15.380000114440918,15.609999656677246,15.609999656677246,50125000
2026-05-18,15.479999542236328,16.31999969482422,15.34000015258789,15.710000038146973,15.710000038146973,66933500
2026-05-19,15.604999542236328,15.640000343322754,14.920000076293945,15.229999542236328,15.229999542236328,63763200
2026-05-20,15.364999771118164,15.720000267028809,15.029999732971191,15.6899995803833,15.6899995803833,44624100
2026-05-21,15.619999885559082,15.78499984741211,15.350000381469727,15.649999618530273,15.649999618530273,48956400
2026-05-22,15.699999809265137,15.930000305175781,15.359999656677246,15.619999885559082,15.619999885559082,58168200
2026-05-26,16.479999542236328,16.950000762939453,15.859999656677246,15.979999542236328,15.979999542236328,80583400
2026-05-27,16.049999237060547,16.690000534057617,16.010000228881836,16.170000076293945,16.170000076293945,66232300
2026-05-28,16.020000457763672,17.079999923706055,15.819999694824219,16.969999313354492,16.969999313354492,69767900
2026-05-29,18.260000228881836,18.59000015258789,17.68000030517578,18.219999313354492,18.219999313354492,150700700
2026-06-01,18.149999618530273,18.795000076293945,17.690000534057617,18.579999923706055,18.579999923706055,96709700
2026-06-02,18.030000686645508,18.229999542236328,17.459999084472656,17.739999771118164,17.739999771118164,77220100
2026-06-03,17.3799991607666,17.46500015258789,16.579999923706055,16.68000030517578,16.68000030517578,74026300
2026-06-04,16.65999984741211,17.229999542236328,16.584999084472656,17.149999618530273,17.149999618530273,61361000
2026-06-05,16.729999542236328,16.989999771118164,15.680000305175781,16.030000686645508,16.030000686645508,81749100
2026-06-08,16.18000030517578,16.65999984741211,15.954999923706055,16.5,16.5,79276100
2026-06-09,16.399999618530273,17.100000381469727,15.651000022888184,16.469999313354492,16.469999313354492,79913900
2026-06-10,16.204999923706055,16.719999313354492,15.829999923706055,15.869999885559082,15.869999885559082,86446300
2026-06-11,15.819999694824219,16.690000534057617,15.654999732971191,16.670000076293945,16.670000076293945,68062000
2026-06-12,16.81999969482422,16.905000686645508,16.229999542236328,16.579999923706055,16.579999923706055,50311700
2026-06-15,17.280000686645508,17.43000030517578,17.010000228881836,17.1299991607666,17.1299991607666,76628800
2026-06-16,17.200000762939453,18.079999923706055,17.11199951171875,17.709999084472656,17.709999084472656,106005600
2026-06-17,17.809999465942383,18.700000762939453,17.360000610351562,17.420000076293945,17.420000076293945,122836000
2026-06-18,17.825000762939453,17.989999771118164,17.264999389648438,17.90999984741211,17.90999984741211,80961100
2026-06-22,17.59000015258789,18.059999465942383,17.06999969482422,17.100000381469727,17.100000381469727,75634800
2026-06-23,16.735000610351562,17.68000030517578,16.719999313354492,17.290000915527344,17.290000915527344,89307200
2026-06-24,17.219999313354492,18.43000030517578,17.18000030517578,17.309999465942383,17.309999465942383,119994800
2026-06-25,17.399999618530273,17.575000762939453,16.81999969482422,17.299999237060547,17.299999237060547,88508100
2026-06-26,17.0,17.969999313354492,16.989999771118164,17.8799991607666,17.8799991607666,90629000
2026-06-29,18.190000534057617,18.299999237060547,17.5,18.190000534057617,18.190000534057617,76797600
2026-06-30,18.100000381469727,18.239999771118164,17.71500015258789,17.93000030517578,17.93000030517578,74330600
2026-07-01,18.139999389648438,18.829999923706055,17.959999084472656,18.440000534057617,18.440000534057617,81179900
2026-07-02,18.700000762939453,19.190000534057617,17.764999389648438,18.239999771118164,18.239999771118164,81161600
2026-07-06,18.350000381469727,19.1200008392334,18.309999465942383,18.610000610351562,18.610000610351562,80885300
2026-07-07,18.600000381469727,18.75,17.700000762939453,17.75,17.75,77716400
2026-07-08,17.34000015258789,17.75,17.079999923706055,17.729999542236328,17.729999542236328,90231100
2026-07-09,17.75,18.6299991607666,17.709999084472656,18.6200008392334,18.6200008392334,70443100
2026-07-10,19.104999542236328,19.739999771118164,18.6200008392334,18.780000686645508,18.780000686645508,91658700
2026-07-13,18.9950008392334,19.239999771118164,18.045000076293945,18.1299991607666,18.1299991607666,97671600
2026-07-14,18.209999084472656,18.84000015258789,18.139999389648438,18.549999237060547,18.549999237060547,89343000
2026-07-15,18.770000457763672,18.979999542236328,17.760000228881836,17.8700008392334,17.8700008392334,72414200
2026-07-16,17.760000228881836,17.924999237060547,17.219999313354492,17.31999969482422,17.31999969482422,72016300
2026-07-17,16.834999084472656,17.56999969482422,16.469999313354492,17.280000686645508,17.280000686645508,89973800
2026-07-20,17.420000076293945,17.450000762939453,16.97100067138672,17.010000228881836,17.010000228881836,81150800
2026-07-21,17.079999923706055,17.665000915527344,17.059999465942383,17.639999389648438,17.639999389648438,86400300
2026-07-22,17.475000381469727,17.614999771118164,16.959999084472656,17.06999969482422,17.06999969482422,90299800
2026-07-23,16.889999389648438,17.059999465942383,16.469999313354492,16.649999618530273,16.649999618530273,73418100
2026-07-24,16.719999313354492,16.81999969482422,16.329999923706055,16.459999084472656,16.459999084472656,92994800
2026-07-27,16.940000534057617,17.5,16.690000534057617,16.8799991607666,16.8799991607666,66663000
2026-07-28,16.559999465942383,16.850000381469727,16.170000076293945,16.739999771118164,16.739999771118164,83122300
2026-07-29,15.5,15.770000457763672,14.880000114440918,15.25,15.25,193584300
2026-07-30,15.319999694824219,16.479999542236328,15.260000228881836,16.469999313354492,16.469999313354492,83365000
2026-07-31,16.440000534057617,16.5,15.831000328063965,16.309999465942383,16.309999465942383,56688800
2026-08-03,16.520000457763672,18.079999923706055,16.450000762939453,18.030000686645508,18.030000686645508,83847200
2026-08-04,18.229999542236328,18.709999084472656,18.1200008392334,18.700000762939453,18.700000762939453,61346100
2026-08-05,18.760000228881836,18.860000610351562,18.229999542236328,18.25,18.25,56859700
2026-08-06,17.940000534057617,18.489999771118164,17.889999389648438,18.100000381469727,18.100000381469727,45351100
2026-08-07,18.459999084472656,18.53499984741211,18.024999618530273,18.3799991607666,18.3799991607666,51642400
2026-08-10,18.378000259399414,18.434999465942383,17.989999771118164,18.1200008392334,18.1200008392334,38213700
2026-08-11,18.209999084472656,18.40999984741211,17.829999923706055,17.979999542236328,17.979999542236328,38901400
2026-08-12,18.3700008392334,18.399999618530273,17.649999618530273,17.940000534057617,17.940000534057617,37161800
2026-08-13,18.100000381469727,18.649999618530273,17.8799991607666,18.43000030517578,18.43000030517578,61870100
2026-08-14,18.459999084472656,18.579999923706055,18.280000686645508,18.290000915527344,18.290000915527344,34301800
2026-08-17,18.68000030517578,18.959999084472656,18.170000076293945,18.309999465942383,18.309999465942383,70070100
2026-08-18,17.90999984741211,18.309999465942383,17.639999389648438,17.65999984741211,17.65999984741211,32609400
2026-08-19,17.854999542236328,18.719999313354492,17.840999603271484,18.420000076293945,18.420000076293945,42854300
2026-08-20,18.920000076293945,19.0,17.719999313354492,17.920000076293945,17.920000076293945,45494500
2026-08-21,18.18000030517578,19.170000076293945,18.065000534057617,18.90999984741211,18.90999984741211,62406100
2026-08-24,18.729999542236328,18.88800048828125,18.21500015258789,18.239999771118164,18.239999771118164,33512900
2026-08-25,18.329999923706055,19.020000457763672,18.06999969482422,19.0,19.0,40267400
2026-08-26,18.969999313354492,19.31999969482422,18.709999084472656,18.84000015258789,18.84000015258789,36525600
2026-08-27,19.0049991607666,19.469999313354492,18.59000015258789,19.18000030517578,19.18000030517578,37635800
2026-08-28,19.204999923706055,19.4950008392334,18.030000686645508,18.059999465942383,18.059999465942383,45428800
