ticker,bullish_premium,bearish_premium,bullish_count,bearish_count,total_premium,total_count,avg_dte,avg_volume_oi_ratio,bullish_vol_oi,bearish_vol_oi,repeat_flow_count,bullish_sweep_count,bearish_sweep_count,bullish_sweep_premium,bearish_sweep_premium,bullish_max_trade_premium,bearish_max_trade_premium,bullish_repeat_count,bearish_repeat_count,flow_velocity,bullish_premium_raw,bearish_premium_raw,net_premium_bias,dominant_direction,bullish_premium_per_trade,bearish_premium_per_trade,bullish_breadth,bearish_breadth,flow_imbalance_ratio,dte_score,marketcap,bullish_flow_intensity,bearish_flow_intensity,bullish_ppt_bps,bearish_ppt_bps,bullish_score,bearish_score
AAL,154945.6569391681,134343.9309408461,5,6,346735.9254442433,11,49.090909,0.777321,1.205665,0.420367,11,1,1,55820.92303201369,5704.08078535321,55820.92303201369,41864.5237298205,5,6,1.1354577530638235,1042538.0,831958.0,20601.725998322014,LONG,30989.131387833622,22390.655156807683,0.639739,0.688378,1.153350626664284,1.0,7415220355.0,0.000141,0.000112,0.04179124814131518,0.030195535782979014,0.5093958767732292,0.47967116941608234
ABVX,504.5689022776742,0.021373647980799607,2,2,1009.1805192466487,4,44.0,0.252141,0.199685,0.304598,4,1,1,3.2604661392799606e-05,0.01528667164602647,504.56886967301284,0.01528667164602647,2,2,32972.34625222843,78515.0,144600.0,504.54752862969343,LONG,252.2844511388371,0.010686823990399804,0.0,0.284789,99.0,1.0,9527252140.0,8e-06,1.5e-05,0.0002648029541273767,1.1217110488271179e-08,0.23035434448543418,0.2665340881990813
ADBE,40788.54960852079,57961.14358350029,12,6,135444.83509064998,18,49.055556,0.402382,0.515703,0.175742,18,1,3,2602.5911462369727,26081.573600765947,14842.29738980173,22928.77590036456,12,6,7.991546616053884,1842469.5,658314.0,-17172.5939749795,SHORT,3399.045800710066,9660.190597250048,0.636116,0.604411,0.7037223057850778,1.0,97052462000.0,1.9e-05,7e-06,0.00035022767384407683,0.000995357603318713,0.4117492554191339,0.34131304068592433
ADC,7.404023515114103e-30,0.0,1,0,7.404023515114103e-30,1,31.0,3.061224,3.061224,,1,0,0,0.0,0.0,7.404023515114103e-30,0.0,1,0,0.0,168750.0,0.0,7.404023515114103e-30,LONG,7.404023515114103e-30,0.0,0.0,0.0,99.0,1.0,9305794021.0,1.8e-05,0.0,7.956358692665827e-36,0.0,0.25692506767675094,0.05
ALAB,154195.29981688436,37236.513200827845,2,2,327809.6490638797,4,55.25,0.597053,0.857465,0.336641,4,1,0,115704.05353684335,0.0,115704.05353684335,20673.782509324104,2,2,0.3219685508918211,832150.0,188797.5,116958.78661605652,LONG,77097.64990844218,18618.256600413923,0.249627,0.444798,4.140970422908885,1.0,28390928028.0,2.9e-05,7e-06,0.027155734336125302,0.006557818956129941,0.2196276582978511,0.12361088237565725
AMAT,155052.72574189922,29618.019076232074,12,6,205152.97097369062,18,63.888889,2.095588,0.819715,4.647333,18,3,2,50637.52867497328,15085.380143312546,36849.345857644774,13554.830278903846,12,6,13.917230611900202,1213095.0,755580.0,125434.70666566715,LONG,12921.060478491601,4936.336512705346,0.762343,0.542345,5.235080892574826,1.0,314055232668.0,4e-06,2e-06,0.0004114263713654138,0.00015718052110673598,0.4147039300310869,0.4568679568719494
AMD,135735.30013614084,128279.74997605299,4,5,392294.8000882468,9,38.555556,0.216132,0.267332,0.175173,9,2,0,66913.8649279122,0.0,34986.0649234288,59774.084337086075,4,5,0.6764832348631249,471345.0,538700.5,7455.550160087849,LONG,33933.82503403521,25655.949995210598,0.742248,0.534033,1.0581194628262032,1.0,402434308378.0,1e-06,1e-06,0.0008432140184768174,0.0006375189555437302,0.19018913065359255,0.16364996398692588
AMZN,831400.6916964388,1184072.9609220377,16,13,3199546.6135405144,29,58.586207,0.425015,0.418648,0.432851,29,0,0,0.0,0.0,161495.89810254556,347664.15654681297,16,13,0.4391810137542764,3267755.0,4849172.5,-352672.2692255989,SHORT,51962.54323102743,91082.53545554137,0.805754,0.706383,0.702153261779601,1.0,2575200167504.0,1e-06,2e-06,0.00020178059898695897,0.00035369109013309305,0.23903117726268527,0.23594946746796808
ANF,0.0009018647240529988,0.0005260480605610544,3,2,0.0014279127846140533,5,59.4,1.339162,1.073588,1.737524,5,0,0,0.0,0.0,0.000822445505255177,0.0005228853258258886,3,2,450.45736479964313,356526.0,687226.0,0.0003758166634919444,LONG,0.00030062157468433294,0.0002630240302805272,0.088061,0.006012,1.7144150728188574,1.0,4191453331.0,8.5e-05,0.000164,7.172251506677527e-10,6.275246543608175e-10,0.46255373349385553,0.5175847733333333
APLD,28910.840945313383,33726.865967291335,2,3,96364.57287989606,5,50.4,3.780316,7.26631,1.45632,5,0,1,0.0,4879.741142859111,15052.308752293491,16311.782749097838,2,3,1.401729430128865,154292.0,157930.0,-4816.025021977952,SHORT,14455.420472656691,11242.288655763778,0.479354,0.516356,0.8572050831331739,1.0,7887239276.0,2e-05,2e-05,0.018327604839684455,0.014253768983493151,0.36918130817396994,0.30353543177138653
ARM,20484.592075514156,79636.61592366795,1,2,179757.82392285005,3,65.0,0.329688,0.407407,0.290829,3,1,1,20484.592075514156,63587.01002734331,20484.592075514156,63587.01002734331,1,2,0.0,68005.0,264407.5,-59152.023848153796,SHORT,20484.592075514156,39818.307961833976,0.0,0.201536,0.25722579793130246,1.0,166485434834.0,0.0,2e-06,0.0012304134650541064,0.0023916991898742484,0.0625,0.0866911235386161
ASST,1.1482218047444831e-30,0.0,1,0,2.2964436094889663e-30,1,31.0,8.87037,8.87037,,1,0,0,0.0,0.0,1.1482218047444831e-30,0.0,1,0,0.0,35495.5,0.0,1.1482218047444831e-30,LONG,1.1482218047444831e-30,0.0,0.0,0.0,99.0,1.0,686539152.0,5.2e-05,0.0,1.6724782576485646e-35,0.0,0.3495762181062652,0.05
AVGO,653406.1877355684,370363.06043927965,12,8,1181894.0071660979,20,41.75,0.494407,0.569778,0.381351,20,2,3,73653.04173590898,128632.71676592754,183204.70576713292,99798.51822183168,12,8,1.109652627002656,4195182.5,1738307.5,283043.12729628873,LONG,54450.5156446307,46295.38255490996,0.719616,0.730539,1.7642315271954427,1.0,1797990242874.0,2e-06,1e-06,0.00030284099627589855,0.0002574840588729171,0.29513513166111216,0.27395678050344846
AXON,70276.35584127046,0.03900862278076438,3,2,70276.52579866735,5,46.0,5.182111,4.785839,5.578383,5,0,0,0.0,0.0,70276.26390111913,0.039008622780764356,3,2,164716764.46377516,747591.0,707999.0,70276.31683264767,LONG,23425.451947090154,0.01950431139038219,1e-06,0.0,99.0,1.0,28913415860.0,2.6e-05,2.4e-05,0.00810193166401272,6.745765178636417e-09,0.4387498109919538,0.41840724828618736
AXP,69505.76503825447,173262.59785850262,9,17,367986.14952815545,26,52.0,3.579554,0.311347,5.309781,26,4,7,29449.917689295202,99481.80549348622,24630.883709724134,30064.22000703613,9,17,9.172561405627272,793191.5,982715.0,-103756.83282024815,SHORT,7722.8627820282745,10191.91752108839,0.645628,0.826482,0.4011585067829662,1.0,222339347099.0,4e-06,4e-06,0.0003473457524632179,0.0004583946860539391,0.38635091098346785,0.5982108157453726
BABA,243996.718949028,121054.0643829737,18,10,418646.5460765943,28,67.392857,0.323787,0.388915,0.206558,28,2,1,54196.11513214383,9716.482087922963,51715.62636785741,50017.52077302314,18,10,3.8185800430780916,2035452.5,764441.0,122942.6545660543,LONG,13555.373274946,12105.40643829737,0.788048,0.586817,2.0156012125053957,1.0,295610864059.0,7e-06,3e-06,0.0004585546379729984,0.0004095047885615358,0.3952633025906862,0.35444790698372375
BE,220723.92667099676,108118.25351172793,3,2,448160.99265282776,5,44.6,24.286685,39.712273,1.148304,5,0,2,0.0,108118.25351172793,176382.70011073016,74977.58590983643,3,2,1.3335761408067266,947060.0,437962.0,112605.67315926883,LONG,73574.64222366559,54059.12675586397,0.20089,0.306522,2.0415047367284207,1.0,49564453144.0,1.9e-05,9e-06,0.014844235648057813,0.010906834097171525,0.35532545991164305,0.2298600461179791
BILI,1.5248649484849829e-21,0.0,1,0,1.5248649484849829e-21,1,86.0,1.591549,1.591549,,1,0,0,0.0,0.0,1.5248649484849829e-21,0.0,1,0,0.0,101835.0,0.0,1.5248649484849829e-21,LONG,1.5248649484849829e-21,0.0,0.0,0.0,99.0,1.0,10193071119.0,1e-05,0.0,1.4959818593265942e-27,0.0,0.1467283917544221,0.05
BP,0.0015949212362558458,0.03280099113117138,7,9,0.06719892137940021,16,82.0,26.263109,3.380744,44.060504,16,0,2,0.0,0.032800990993083395,0.0014007206559531005,0.032800990993083395,7,9,9.768616260714698e+23,1313931.0,865731.5,-0.031206069894915534,SHORT,0.00022784589089369227,0.0036445545701301535,0.121762,0.0,0.04862417814991459,1.0,92871660302.0,1.4e-05,9e-06,2.4533414192530118e-11,3.924291391236889e-10,0.45586008206104933,0.4895602984290937
BTDR,251080.9794373382,789525.0243841566,4,4,1083182.3297810445,8,39.5,192.577119,0.417138,384.737101,8,1,2,18118.399622087865,17863.796880000027,191105.94158206607,746948.6984246068,4,4,3.4220198952074266,1568494.0,3703836.5,-538444.0449468184,SHORT,62770.24485933455,197381.25609603914,0.238867,0.053927,0.3180152264751656,1.0,2162612042.0,0.000725,0.001713,0.29025198990977663,0.9126984048118933,0.5860010918614336,0.7950000000000002
BULL,15978.706814556466,0.0,1,0,15978.706814556466,1,31.0,0.599798,0.599798,,1,0,0,0.0,0.0,15978.706814556466,0.0,1,0,0.0,67500.0,0.0,15978.706814556466,LONG,15978.706814556466,0.0,0.0,0.0,99.0,1.0,2326979260.0,2.9e-05,0.0,0.06866716471962224,0.0,0.16853397672583753,0.05
BURL,17934.52731395772,0.000277505514505824,6,1,24806.814966232505,7,40.714286,212.47109,281.106753,6.564103,7,0,0,0.0,0.0,11062.239939188445,0.000277505514505824,6,1,40202999.10995665,1665446.0,345435.0,17934.527036452204,LONG,2989.0878856596196,0.000277505514505824,0.383188,0.0,99.0,1.0,20836673528.0,8e-05,1.7e-05,0.0014345321875120468,1.3318129409328047e-10,0.6283401503148106,0.38381077870148655
CAR,38183.65378233844,0.0,2,0,76367.30756467688,2,48.0,1.12381,1.12381,,2,0,0,0.0,0.0,24316.738831750994,0.0,2,0,0.5702621164183849,133550.0,0.0,38183.65378233844,LONG,19091.82689116922,0.0,0.363164,0.0,99.0,1.0,13081312479.0,1e-05,0.0,0.014594733457990674,0.0,0.17906506571632338,0.07471135837813
CGON,0.0003593440054222227,33591.638567373346,2,2,67183.2774940907,4,36.25,8.776899,8.654762,8.899035,4,1,0,9.535728557707847e-05,0.0,0.00026398671984514423,33591.63852481942,2,2,186960895.74614596,370079.0,197761.0,-33591.63820802934,SHORT,0.00017967200271111136,16795.819283686673,0.265365,0.0,1.0697424143258194e-08,1.0,5716263040.0,6.5e-05,3.5e-05,3.1431724092093457e-10,0.02938251645551754,0.5472510983747996,0.45848716174193194
CHTR,67194.47488391433,30458.402678123457,4,6,124676.8498408619,10,68.0,1.354263,0.949654,1.624003,10,2,2,66789.26182756135,26618.759222471133,66789.22827868107,26618.664342786873,4,6,81.61138085217449,883823.0,1963875.0,36736.07220579087,LONG,16798.618720978582,5076.4004463539095,0.006031,0.126065,2.2061063278336754,1.0,28656719539.0,3.1e-05,6.9e-05,0.0058620173527248,0.0017714520461580559,0.3674694264293079,0.5293397432484691
CIEN,1359598.5244530933,3.3993941874485247,23,3,1951347.306856505,26,50.230769,3.045509,2.985113,3.508543,26,2,0,316211.81937526824,0.0,309126.77040345414,2.6408146426347483,23,3,5.436930980895752,7776437.5,969890.0,1359595.125058906,LONG,59112.979324047534,1.1331313958161748,0.772634,0.223151,99.0,1.0,67857105117.0,0.000115,1.4e-05,0.008711391271720811,1.6698787752032992e-07,0.7735327140328401,0.40976882015628746
CL,116302.1884323291,1.9074103274276413e-26,2,5,232604.3768646582,7,60.285714,0.555214,0.497313,0.578375,7,0,1,0.0,5.221342689779397e-27,107200.38531480309,7.894179156420761e-27,2,5,2.063274695670572e+31,730585.0,674999.5,116302.1884323291,LONG,58151.09421616455,3.814820654855283e-27,0.07826,0.586131,99.0,1.0,67314003391.0,1.1e-05,1e-05,0.008638781128257698,5.667202161037017e-34,0.22923404783651236,0.3164949279448983
COHR,32707.160764432385,0.35878333572541254,5,1,32707.87833110384,6,61.833333,0.713885,0.815473,0.205945,6,1,0,1.5650356159734315,0.0,32704.299935648018,0.35878333572541254,5,1,11028.757733024817,1284950.0,143325.0,32706.801981096658,LONG,6541.432152886477,0.35878333572541254,8.7e-05,0.0,99.0,1.0,57731286686.0,2.2e-05,2e-06,0.0011330826885022109,6.214712269914097e-08,0.3338854687974693,0.18360521877671135
COIN,66504.65820530226,0.0,4,0,73361.21581663146,4,63.75,0.295525,0.295525,,4,1,0,24091.925502245485,0.0,24091.925502245485,0.0,4,0,0.9405141327702665,292410.0,0.0,66504.65820530226,LONG,16626.164551325564,0.0,0.637741,0.0,99.0,1.0,38927394249.0,8e-06,0.0,0.004271070507564906,0.0,0.20618669500071715,0.09075561242004489
COP,100253.98751901064,12027.149541212217,18,7,132243.1150421279,25,57.72,1.357823,1.701617,0.47378,25,3,1,5.626598422839178e-12,8.45329951784851e-18,54024.758161500264,12027.144599466932,18,7,2270566413.994082,1501883.5,854744.5,88226.83797779842,LONG,5569.665973278369,1718.1642201731738,0.461121,0.0,8.335639893349661,1.0,151105565970.0,1e-05,6e-06,0.00036859436232707354,0.00011370621652112355,0.46662682889727924,0.2901810597456449
CORZ,143306.29201013246,0.2605137093016523,6,1,143306.55252384176,7,41.571429,0.534129,0.532072,0.546474,7,1,0,1932.7997034756584,0.0,82946.75998408048,0.2605137093016523,6,1,19.47051964238906,1507600.0,94116.0,143306.03149642315,LONG,23884.382001688744,0.2605137093016523,0.421192,0.0,99.0,1.0,5899873975.0,0.000256,1.6e-05,0.0404828681136172,4.415580915889857e-07,0.547029266306905,0.23345819730513662
CRCL,10975.160279343705,6019.466281705525,1,1,23014.092842754755,2,31.0,0.779504,1.081633,0.477376,2,0,0,0.0,0.0,10975.160279343705,6019.466281705525,1,1,0.9116389863915028,50050.0,33320.0,4955.69399763818,LONG,10975.160279343705,6019.466281705525,0.0,0.0,1.8232779727830055,1.0,22509002239.0,2e-06,1e-06,0.004875898168568174,0.0026742483819544682,0.12800755485367646,0.08950435607696514
CRDO,92480.48649192907,145288.51425554775,2,6,383057.51500302454,8,56.5,0.809882,0.457463,0.927355,8,0,1,0.0,23043.840504910637,81894.2270532116,64287.89582526472,2,6,4.469635944868681,451050.0,681420.5,-52808.02776361868,SHORT,46240.243245964535,24214.752375924625,0.11447,0.557516,0.6365299209355619,1.0,24782693938.0,1.8e-05,2.7e-05,0.01865827958883157,0.00977083138600823,0.2563479888659941,0.4030830965451446
CRWD,37571.09722101076,378.29745772632896,6,2,46713.23365838376,8,41.0,0.546219,0.424868,0.910274,8,2,0,370.285736991809,0.0,27925.162902448457,378.0965974946223,6,2,18.90048234421256,1418997.0,82790.0,37192.79976328443,LONG,6261.849536835126,189.14872886316448,0.256738,0.000531,99.0,1.0,102013731562.0,1.4e-05,1e-06,0.0006138241823875853,1.8541496910953327e-05,0.32716789158485887,0.21794977333333335
CRWV,19295.369340608653,0.0,1,0,19295.369340608653,1,94.0,0.176647,0.176647,,1,0,0,0.0,0.0,19295.369340608653,0.0,1,0,0.0,64050.0,0.0,19295.369340608653,LONG,19295.369340608653,0.0,0.0,0.0,99.0,0.7,46206226492.0,1e-06,0.0,0.004175924070308878,0.0,0.02857142857142857,0.02857142857142857
CSIQ,22197.852902580926,2.3528957671246744e-13,2,3,22197.852902580926,5,68.0,57.775702,142.99026,0.965997,5,0,0,0.0,0.0,22197.852902580926,2.3528956768202476e-13,2,3,4.305682339252795e+31,172689.0,165780.0,22197.852902580926,LONG,11098.926451290463,7.842985890415582e-14,0.0,0.0,99.0,1.0,862544930.0,0.0002,0.000192,0.1286765021190312,9.092843303148952e-19,0.6368032467803179,0.4846264866666667
CTRA,1.4800630785195634e-19,110814.06520220042,2,1,221628.13040440084,3,44.666667,261.902636,134.233264,517.241379,3,0,0,0.0,0.0,1.4543862489096912e-19,110814.06520220042,2,1,8.631444526904845e+25,3063080.0,397500.0,-110814.06520220042,SHORT,7.400315392597817e-20,110814.06520220042,0.017348,0.0,1.3356274547088577e-24,1.0,25063592322.0,0.000122,1.6e-05,2.9526156097352664e-26,0.04421316137708299,0.5933333333333333,0.395006180065653
CVNA,360315.5951102374,65870.98884577239,10,3,612309.476992013,13,63.846154,1.410539,1.360251,1.578165,13,3,1,141748.50239723304,21286.3488375827,85407.69801848617,37270.94955238123,10,3,1.3044403251850543,1830010.0,348323.0,294444.606264465,LONG,36031.55951102374,21956.99628192413,0.762964,0.434183,5.470019524890775,1.0,51280833496.0,3.6e-05,7e-06,0.0070263209574848795,0.004281715952147466,0.4726255902258579,0.25536954525346717
DAVE,0.04514174179878335,49726.89625370271,13,8,49726.94140149131,21,36.761905,5.241959,2.856607,7.925481,21,2,1,0.0014734007255418503,1.8945657206683446e-06,0.03970771816195798,49726.89624765592,13,8,2342873376.9959693,2456520.0,673630.0,-49726.85111196091,SHORT,0.0034724416768294884,6215.862031712839,0.120377,0.0,9.07793270838255e-07,1.0,2389467537.0,0.001028,0.000282,1.4532282289087606e-08,0.02601358643908138,0.7178519200000001,0.6935841222735415
DB,0.0,19676.70407742582,0,3,39353.40815485164,3,38.333333,20.304842,,20.304842,3,0,0,0.0,0.0,0.0,9901.706920668235,0,3,1.9698240372217393e+26,0.0,281428.0,-19676.70407742582,SHORT,0.0,6558.90135914194,0.0,0.49678,0.0,1.0,62319099396.0,0.0,5e-06,0.0,0.0010524704982439025,0.18,0.3992206290535445
DECK,0.007202749814632562,0.007076515496141444,1,3,0.02135578066030001,4,47.0,10.025252,19.677419,6.807863,4,0,0,0.0,0.0,0.007202749814632562,0.003548876659749438,1,3,2.0269228362867033,405000.0,605664.5,0.00012623431849111827,LONG,0.007202749814632562,0.002358838498713815,0.0,0.498499,1.0178384854184166,1.0,15350469864.0,2.6e-05,3.9e-05,4.692201527670816e-09,1.5366555679482977e-09,0.3687621907002805,0.45982416026253903
DELL,55842.96471697393,186046.83689421206,13,14,266660.17552897276,27,44.888889,0.76798,0.953508,0.595703,27,2,8,17438.733420081513,39458.59304033477,16277.637970086698,118326.05863004932,13,14,12.979420795826647,1449745.5,2182579.5,-130203.87217723813,SHORT,4295.612670536457,13289.059778158004,0.70851,0.363999,0.30015541059011264,1.0,60421190442.0,2.4e-05,3.6e-05,0.0007109447263638303,0.002199403831825284,0.47074939495285395,0.5334750348219273
DIA,28662.17525880379,0.0,1,0,57324.35051760758,1,31.0,2.672515,2.672515,,1,1,0,28662.17525880379,0.0,28662.17525880379,0.0,1,0,0.0,95032.0,0.0,28662.17525880379,LONG,28662.17525880379,0.0,0.0,0.0,99.0,1.0,482.242131,0.0,0.0,0.0,0.0,0.1928509,0.05
DKNG,1.1147298822601912,1.4639265497274399,3,2,2.578656431987631,5,64.0,0.579845,0.56941,0.595499,5,0,0,0.0,0.0,0.6666502045652307,0.868728832151767,3,2,1.9683099449900947,357940.0,332295.0,-0.34919666746724864,SHORT,0.37157662742006375,0.7319632748637199,0.401963,0.406576,0.761465718664462,1.0,11097236076.0,3.2e-05,3e-05,3.3483709355672155e-07,6.595906132399377e-07,0.2856452690640194,0.26861999933624675
DVA,0.050232358436566656,0.0,2,0,0.050232358436566656,2,65.5,4.613082,4.613082,,2,0,0,0.0,0.0,0.050232358436566656,0.0,2,0,1.6450235246578203e+29,263750.0,0.0,0.050232358436566656,LONG,0.025116179218283328,0.0,0.0,0.0,99.0,1.0,10124208000.0,2.6e-05,0.0,2.4808043471927212e-08,0.0,0.42426220112785673,0.18
EL,71696.2248705667,1100.828953490029,3,4,145594.1075543288,7,71.285714,2.800916,5.475464,0.795006,7,1,0,66698.23248141284,0.0,66698.23248141284,785.2439548954181,3,4,1552430012.4267962,871242.5,488544.0,70595.39591707668,LONG,23898.741623522234,275.2072383725073,0.069711,0.286679,65.12930518702613,1.0,18430228560.0,4.7e-05,2.7e-05,0.012967143378455332,0.00014932383365543422,0.5094609531199834,0.3348561586927726
ETSY,9.530720707479057e-15,4.627984450869385e-18,3,2,1.906417516921019e-14,5,70.0,0.266788,0.183712,0.3914,5,1,0,9.524196834057912e-15,0.0,9.524196834057912e-15,4.62655545929463e-18,3,2,3087051.796145104,376752.5,229381.0,9.526092723028187e-15,LONG,3.176906902493019e-15,2.3139922254346924e-18,0.000685,0.000309,99.0,1.0,5326318941.0,7.1e-05,4.3e-05,5.96454500318857e-21,4.344449236080195e-24,0.41184284772904595,0.32057488661621525
EWY,274870.3299354024,133260.68626389012,8,2,510930.0908508616,10,37.3,3.387396,3.802086,0.069876,10,6,0,186786.4322997221,0.0,112840.97506784761,87089.39586673157,8,2,4.771915059742792,1424041.5,554219.0,141609.64367151225,LONG,34358.7912419253,66630.34313194506,0.589476,0.346473,2.0626513163161193,1.0,18268683242.0,7.8e-05,3e-05,0.018807480969911326,0.03647243879009343,0.7457639372063103,0.3148530879243424
FORM,0.01676001609070271,0.0,2,0,0.01676001609070271,2,37.5,0.606639,0.606639,,2,0,0,0.0,0.0,0.016757260939066793,0.0,2,0,6082.155595581993,129830.0,0.0,0.01676001609070271,LONG,0.008380008045351354,0.0,0.000164,0.0,99.0,1.0,9990639164.0,1.3e-05,0.0,8.387859783333631e-09,0.0,0.24081328177432126,0.18
FSLY,87388.1132314995,139013.88069596392,9,6,309566.9237211839,15,48.266667,1.298901,1.528023,0.955218,15,1,1,17670.311816315934,109058.15860740568,42192.83356582427,109058.15860740568,9,6,58.76059421967773,1291106.0,815174.5,-51625.767464464414,SHORT,9709.7903590555,23168.980115993985,0.517179,0.215487,0.6286286865311336,1.0,3699366000.0,0.000349,0.00022,0.026247174134853106,0.062629596844416,0.6484825985823307,0.5656135258861065
FUTU,35625.81965898331,0.0,3,0,71251.63931796662,3,53.666667,0.331346,0.331346,,3,3,0,35625.81965898331,0.0,27338.55341475014,0.0,3,0,8.312848635420645,152485.0,0.0,35625.81965898331,LONG,11875.273219661103,0.0,0.23262,0.0,99.0,1.0,14811412934.0,1e-05,0.0,0.008017650491939964,0.0,0.285997936739641,0.18
GDX,82260.36325506875,8255.728439571854,6,2,180313.7536473737,8,52.5,0.224504,0.240036,0.17791,8,1,0,22673.896665880693,0.0,26836.888408121788,7544.394501298178,6,2,3.8513031630868526,372794.0,103695.0,74004.63481549689,LONG,13710.060542511457,4127.864219785927,0.673757,0.086162,9.964034531559133,1.0,52.3404,0.0,0.0,0.0,0.0,0.3001493095238095,0.19333333333333336
GDXJ,0.0,7.427585180408877e-06,0,1,7.427585180408877e-06,1,39.0,0.61465,,0.61465,1,0,0,0.0,0.0,0.0,7.427585180408877e-06,0,1,0.0,0.0,145750.0,-7.427585180408877e-06,SHORT,0.0,7.427585180408877e-06,0.0,0.0,0.0,1.0,68.6819,0.0,0.0,0.0,0.0,0.05,0.056879000000000006
GIS,0.0,1.5125965249257311e-12,0,1,3.0251930498514622e-12,1,78.0,0.390181,,0.390181,1,0,0,0.0,0.0,0.0,1.5125965249257311e-12,0,1,0.0,0.0,38412.5,-1.5125965249257311e-12,SHORT,0.0,1.5125965249257311e-12,0.0,0.0,0.0,1.0,18444022894.0,0.0,2e-06,0.0,8.201011968044086e-19,0.05,0.053605218776711344
GLD,297008.7295739183,16433.00313602605,4,2,329874.7358459704,6,58.5,0.527238,0.558026,0.465663,6,0,0,0.0,0.0,166001.57119323936,10218.86021448258,4,2,0.6587657980775863,1183544.0,68675.0,280575.72643789224,LONG,74252.18239347957,8216.501568013025,0.441089,0.37815,18.073916685550095,1.0,433.781283,0.0,0.0,0.0,0.0,0.14639157791669538,0.11174770839288589
GME,120243.42910818469,0.0,4,0,120243.42910818469,4,56.5,0.797547,0.797547,,4,0,0,0.0,0.0,49020.8072498068,0.0,4,0,0.6429303323764191,523453.0,0.0,120243.42910818469,LONG,30060.857277046172,0.0,0.59232,0.0,99.0,1.0,10491978674.0,5e-05,0.0,0.0286512756183345,0.0,0.32432074269252953,0.07786031440297816
GOOG,219158.2739865019,50379.43321075217,4,2,335846.34098818863,6,47.166667,0.342256,0.330888,0.364991,6,0,0,0.0,0.0,80080.956021348,36102.55774770289,4,2,0.7980800675246811,930692.5,186661.0,168778.84077574973,LONG,54789.56849662548,25189.716605376085,0.634598,0.283387,4.350153624589177,1.0,1879382770000.0,0.0,0.0,0.0002915295881776413,0.00013403185879679041,0.1627690410213076,0.11101587435464094
GOOGL,529671.3931266561,259617.71070144302,10,5,1073428.2907442015,15,58.933333,1.556745,2.085322,0.499592,15,4,2,362536.63464671146,104173.99215430052,191200.26351794525,88170.83520626053,10,5,4.34883702654834,2237044.0,1043085.5,270053.68242521305,LONG,52967.139312665604,51923.542140288606,0.639021,0.660382,2.0401974568513594,1.0,1870666820000.0,1e-06,1e-06,0.0002831457678426434,0.0002775670236150797,0.48362081999999995,0.29836061904761907
GS,86938.31659681631,20114.446518433797,8,4,107772.87079180506,12,53.416667,0.77862,0.910856,0.514149,12,1,1,1332.524584376601,1946.0178323167117,35599.404495942435,16444.49613273948,8,4,7.309203389110664,1283404.0,394017.5,66823.87007838252,LONG,10867.289574602039,5028.611629608449,0.590521,0.182453,4.32218289064738,1.0,264344535388.0,5e-06,1e-06,0.0004111032429193678,0.00019022945271887488,0.3597344414344969,0.23923844
GSAT,6055.47364942393,2.0580766476270007,2,1,12113.005375495486,3,33.666667,3.332658,1.144263,7.709447,3,0,0,0.0,0.0,6055.359958280946,2.0580766476270007,2,1,53270.543664743396,72000.0,798000.0,6053.415572776303,LONG,3027.736824711965,2.0580766476270007,1.9e-05,0.0,99.0,1.0,9370326426.0,8e-06,8.5e-05,0.003231196744983028,2.1963766832246328e-06,0.2565101244854342,0.5514717868271888
HOOD,135587.73296088187,367228.55597945745,11,4,696936.1940675527,15,40.0,0.547736,0.488283,0.711233,15,1,1,28207.15229754587,11438.00704614811,28403.21338018322,204321.33999003514,11,4,1.3919316045972325,1188408.0,2261447.0,-231640.82301857558,SHORT,12326.157541898352,91807.13899486436,0.790518,0.443613,0.36921892579744414,1.0,56623217052.0,2.1e-05,4e-05,0.0021768734069946274,0.01621369179899354,0.3582517461831748,0.323673980371928
HUM,2.193634361824938e-05,0.10598065167725783,1,1,0.21200517604175215,2,36.5,0.314559,0.450704,0.178414,2,0,0,0.0,0.0,2.193634361824938e-05,0.10598065167725783,1,1,4831.281526292739,35550.0,45500.0,-0.10595871533363958,SHORT,2.193634361824938e-05,0.10598065167725783,0.0,0.0,0.00020698441905275293,1.0,23905738538.0,1e-06,2e-06,9.176183192742562e-12,4.433272434097507e-08,0.18,0.18360521877671135
HYG,0.0,17934.784280502252,0,1,17934.784280502252,1,65.0,0.031037,,0.031037,1,0,0,0.0,0.0,0.0,17934.784280502252,0,1,0.0,0.0,59422.0,-17934.784280502252,SHORT,0.0,17934.784280502252,0.0,0.0,0.0,1.0,16866703981.0,0.0,4e-06,0.0,0.010633247788486372,0.05,0.06280440525505401
IAG,0.0,3.574664985555609e-23,0,1,3.574664985555609e-23,1,53.0,1.066482,,1.066482,1,0,0,0.0,0.0,0.0,3.574664985555609e-23,0,1,0.0,0.0,53900.0,-3.574664985555609e-23,SHORT,0.0,3.574664985555609e-23,0.0,0.0,0.0,1.0,11941119809.0,0.0,5e-06,0.0,2.9935760152589634e-29,0.05,0.09820145381544926
IBIT,396998.38594865607,206612.6793164288,13,16,766644.4741520816,29,47.344828,1.69986,0.538828,2.643197,29,3,4,137160.90539677863,38196.42152830536,108581.43958975715,41580.01055383195,13,16,1.1336095397059205,1894851.0,1005502.0,190385.70663222726,LONG,30538.337380665853,12913.2924572768,0.726494,0.798754,1.9214618737926057,1.0,57639213093.0,3.3e-05,1.7e-05,0.005298187768697104,0.0022403658489302063,0.4045269565423903,0.5014366787554098
IDYA,8655.664350762883,0.0,4,0,17311.328701525767,4,31.0,1.28038,1.28038,,4,0,0,0.0,0.0,8655.664350762883,0.0,4,0,2.930646704652228e+33,175900.0,0.0,8655.664350762883,LONG,2163.916087690721,0.0,0.0,0.0,99.0,1.0,2882056366.0,6.1e-05,0.0,0.007508236525901176,0.0,0.4383821597168194,0.18
INFQ,8156.532625832952,4962.661348593581,3,2,25673.857887060578,5,95.6,0.531902,0.823039,0.095197,5,0,0,0.0,0.0,7592.002564040464,4181.926081553322,3,2,15.44206753692117,458023.0,108987.5,3193.871277239371,LONG,2718.844208610984,2481.3306742967907,0.069212,0.157322,1.6435803398401372,0.7,2725381561.0,0.000168,4e-05,0.009976013074710107,0.009104525802201209,0.4564703664356504,0.29700888676144915
INTC,0.0,17405.293975477158,0,1,17405.293975477158,1,31.0,2.502513,,2.502513,1,0,1,0.0,17405.293975477158,0.0,17405.293975477158,0,1,0.0,0.0,57760.0,-17405.293975477158,SHORT,0.0,17405.293975477158,0.0,0.0,0.0,1.0,325574100000.0,0.0,0.0,0.0,0.0005346031510331183,0.05,0.18265078
IONQ,72430.50925314667,15012.126480507946,2,1,87442.6357336546,3,53.666667,0.528672,0.694957,0.196103,3,0,1,0.0,15012.126480507946,53064.00807488232,15012.126480507946,2,1,4.824800093923531,258742.0,71260.0,57418.38277263872,LONG,36215.25462657333,15012.126480507946,0.26738,0.0,4.824800093923531,1.0,10911228899.0,2.4e-05,7e-06,0.0331908119257698,0.013758419532270822,0.3024221419427817,0.21686704545213936
IREN,120796.29189252233,0.0,4,0,127643.6344757571,4,46.75,0.794345,0.794345,,4,0,0,0.0,0.0,47724.68457465907,0.0,4,0,0.5848880687234027,539329.0,0.0,120796.29189252233,LONG,30199.072973130584,0.0,0.604916,0.0,99.0,1.0,14311316096.0,3.8e-05,0.0,0.0211015344574572,0.0,0.2892424595802724,0.07534514964468078
IWM,287430.2508670641,932044.7456001504,11,15,1272197.434917473,26,41.461538,0.270976,0.197873,0.324585,26,0,5,0.0,369229.0946001346,64887.669099451065,186447.5023010558,11,15,3.1484850531162683,1298561.0,4648953.0,-644614.4947330863,SHORT,26130.02280609674,62136.31637334336,0.774249,0.799959,0.3083867509837048,1.0,74357502159.0,1.7e-05,6.3e-05,0.0035141071240158707,0.008356428681597743,0.4019714215586294,0.5888892952390958
JETS,0.0010708951681171889,22168.160411638764,5,2,29259.752550160407,7,47.714286,0.529265,0.313437,1.068835,7,1,1,3.8186866971976485e-11,7091.589996731306,0.0003778364587595638,15076.570414907459,5,2,39842069.11321787,242183.0,122320.0,-22168.159340743598,SHORT,0.00021417903362343777,11084.080205819382,0.647177,0.3199,4.830780489818838e-08,1.0,1000450000.0,0.000242,0.000122,2.1408269641005324e-09,0.11079094613243423,0.5349174047619047,0.5431576138516563
JPM,67062.99989272495,43962.689162525996,11,3,112436.48881533819,14,52.0,2.57105,3.122396,0.549446,14,1,0,0.4091011541958902,0.0,40726.185787132104,25108.117809720043,11,3,60.652714708259566,1968919.0,366055.0,23100.31073019896,LONG,6096.636353884087,14654.229720841999,0.392718,0.428877,1.5254526319989035,1.0,846005115390.0,2e-06,0.0,7.206382376392131e-05,0.00017321679803421216,0.48701364734813984,0.23312464095238095
JXN,8.703444047904111e-27,0.0,1,0,8.703444047904111e-27,1,90.0,0.506073,0.506073,,1,0,0,0.0,0.0,8.703444047904111e-27,0.0,1,0,0.0,51250.0,0.0,8.703444047904111e-27,LONG,8.703444047904111e-27,0.0,0.0,0.0,99.0,1.0,7368586616.0,7e-06,0.0,1.1811551524692169e-32,0.0,0.07148139687640051,0.05
KNX,0.01481795607498288,0.0,1,0,0.01481795607498288,1,36.0,0.322368,0.322368,,1,0,0,0.0,0.0,0.01481795607498288,0.0,1,0,0.0,86239.0,0.0,0.01481795607498288,LONG,0.01481795607498288,0.0,0.0,0.0,99.0,1.0,10044413513.0,9e-06,0.0,1.4752435327164413e-08,0.0,0.07789363176242706,0.05
KORU,384350.1200103842,48047.31928630909,33,3,864794.8785933865,36,40.111111,113.073339,122.263389,25.767857,36,30,1,222243.27128680854,29711.67462937363,142330.70520567385,29711.67462937363,33,3,147865033.42919773,5720245.0,470549.0,336302.8007240751,LONG,11646.973333648006,16015.773095436363,0.629685,0.381616,7.999408202569657,1.0,1502861134.0,0.003806,0.000313,0.07749866617848143,0.10656854936962101,0.8639240306562224,0.6753426501757624
KRE,14669.675572142773,0.0,2,0,26497.09649359906,2,48.5,0.508493,0.508493,,2,0,0,0.0,0.0,11827.420921456287,0.0,2,0,8.322562454845224,204381.0,0.0,14669.675572142773,LONG,7334.837786071386,0.0,0.19375,0.0,99.0,1.0,69.402788,0.0,0.0,0.0,0.0,0.20053934190476191,0.18
KWEB,92330.39626579989,0.0,2,0,99763.83893241316,2,79.5,1.116246,1.116246,,2,1,0,84896.95359918661,0.0,84896.95359918661,0.0,2,0,5.710473424413069,542621.0,0.0,92330.39626579989,LONG,46165.198132899946,0.0,0.080509,0.0,99.0,1.0,4223436000.0,0.000128,0.0,0.10930720421216268,0.0,0.5297944866460214,0.18
LCID,640.981680473605,0.0,1,0,640.981680473605,1,95.0,0.821735,0.821735,,1,0,0,0.0,0.0,640.981680473605,0.0,1,0,0.0,64600.0,0.0,640.981680473605,LONG,640.981680473605,0.0,0.0,0.0,99.0,0.7,3027802405.0,2.1e-05,0.0,0.002116986496262477,0.0,0.11398752426967565,0.02857142857142857
LLY,0.05410626976977495,81998.58999297862,4,2,81998.68372972388,6,68.833333,0.297503,0.200814,0.490882,6,2,0,0.017245478972224726,0.0,0.019042462723978915,81998.58665044483,4,2,1991417.1295000021,603733.5,495454.0,-81998.53588670885,SHORT,0.013526567442443738,40999.29499648931,0.648054,0.0,6.59843904320891e-07,1.0,876897889761.0,1e-06,1e-06,1.5425476102046984e-10,0.0004675492491795566,0.2841467142857143,0.19333333333333336
LOW,0.16602318569088095,5.17926752803348e-05,5,4,0.16607497836623342,9,55.111111,0.939377,1.462902,0.066835,9,1,1,7.211401466770385e-14,9.344625395538711e-21,0.15603147456367686,4.871577308409392e-05,5,4,1151469959630.503,232219.0,345000.0,0.16597139301560063,LONG,0.03320463713817619,1.29481688200837e-05,0.060183,0.059408,99.0,1.0,138380472037.0,2e-06,2e-06,2.399517551096225e-09,9.3569335539061e-13,0.30721267211004466,0.23610521877671134
LQDA,4.8433071131441613e-05,2.2357713445019565e-12,3,1,9.686614102729537e-05,4,89.75,0.534799,0.622518,0.271642,4,0,1,0.0,2.2357713445019565e-12,4.843306542431107e-05,2.2357713445019565e-12,3,1,13979967.63879315,192100.0,59150.0,4.843306889567027e-05,LONG,1.614435704381387e-05,2.2357713445019565e-12,0.0,0.0,99.0,1.0,3423245567.0,5.6e-05,1.7e-05,4.716096677213303e-11,6.5311450807232045e-18,0.3730990899847977,0.2463107787014866
LULU,165340.87770444283,0.0014195979583168951,2,4,165340.87944079904,6,57.166667,0.504712,1.281979,0.116078,6,2,2,165340.87770444283,0.0003476260112323231,148075.70518393425,0.0010548334921793652,2,4,2009414776.8170414,589500.0,229484.0,165340.87628484488,LONG,82670.43885222141,0.0003548994895792238,0.104422,0.256949,99.0,1.0,17960062998.0,3.3e-05,1.3e-05,0.04603014970572623,1.9760481331203835e-10,0.38126903948926943,0.29729225129813075
MRNA,10161.40423148481,0.0,5,0,17827.94798800519,5,45.4,1.062141,1.062141,,5,1,0,281.64639390817797,0.0,7384.897362612202,0.0,5,0,30.649477298960445,344111.0,0.0,10161.40423148481,LONG,2032.280846296962,0.0,0.27324,0.0,99.0,1.0,20015530008.0,1.7e-05,0.0,0.0010153520019128548,0.0,0.34574685774910563,0.18
MRVL,77058.32892212928,89617.46189024276,7,15,287038.0365440236,22,56.090909,9.261601,0.850729,13.186675,22,2,1,28262.462711183773,11027.069233867993,27856.597706264438,25607.086318472433,7,15,2.999297790509573,572696.5,3022476.0,-12559.132968113481,SHORT,11008.332703161326,5974.497459349517,0.6385,0.714262,0.8598584170627925,1.0,114795590000.0,5e-06,2.6e-05,0.0009589508362787565,0.0005204466007230345,0.3586901304518164,0.587274295859462
MS,74312.39978821774,22742.710568146464,8,1,124075.20192710042,9,55.222222,0.604472,0.601555,0.627803,9,0,0,0.0,0.0,47290.184138147764,22742.710568146464,8,1,49997.591313796474,1016284.0,91575.0,51569.689220071275,LONG,9289.049973527217,22742.710568146464,0.36363,0.0,3.2675260745876087,1.0,287624997715.0,4e-06,0.0,0.00032295697687345973,0.0007907070229925431,0.30896816336442023,0.18766818000000002
MSFT,256266.6298948067,416451.40547670296,8,9,1146195.1659672675,17,45.235294,0.488127,0.366326,0.596395,17,2,1,53718.06483735296,66654.14681805317,71554.98521025482,131869.4075052543,8,9,3.203082112860266,954015.0,1575379.0,-160184.77558189625,SHORT,32033.32873685084,46272.37838630033,0.720779,0.68335,0.6153578221244417,1.0,2854189047942.0,0.0,1e-06,0.00011223268045243297,0.00016212093035555865,0.3426746904761905,0.3466182238095238
MSTR,25878.82489914005,121090.77519092677,1,5,216537.53356469286,6,53.666667,0.766293,0.383905,0.84277,6,0,1,0.0,37152.6663883025,25878.82489914005,56199.52612207621,1,5,0.5563027586817134,100450.0,483757.5,-95211.95029178672,SHORT,25878.82489914005,24218.155038185352,0.0,0.535889,0.21371425575842815,1.0,41575924941.0,2e-06,1.2e-05,0.006224473643307863,0.005825042996049541,0.07816774218401593,0.22977717822848545
NBIS,38707.89710280919,26483.42711842974,3,1,65191.32422123893,4,31.0,0.289851,0.355284,0.093551,4,1,0,11513.833453360558,0.0,14209.661335982319,26483.42711842974,3,1,1.534310549756536,181575.0,105465.0,12224.469984379451,LONG,12902.632367603064,26483.42711842974,0.6329,0.0,1.4615894283513058,1.0,30920489363.0,6e-06,3e-06,0.004172842226437263,0.00856500904869904,0.2113988026160472,0.12498834461877073
NFLX,53060.16511791964,318908.19195337384,3,5,407787.5579682743,8,58.125,5.626325,0.590143,8.144416,8,0,2,0.0,23018.60692106503,26594.627188970862,276900.7040288483,3,5,0.24356037370979378,186399.5,1357536.0,-265848.0268354542,SHORT,17686.721705973214,63781.638390674765,0.498784,0.131723,0.16638069029495903,1.0,435558247394.0,0.0,3e-06,0.0004060701826172528,0.0014643653006753599,0.12111410095599581,0.29832880889210045
NNE,0.0,9264.89787078667,0,1,18529.79574157334,1,45.0,17.666667,,17.666667,1,0,0,0.0,0.0,0.0,9264.89787078667,0,1,0.0,0.0,30750.0,-9264.89787078667,SHORT,0.0,9264.89787078667,0.0,0.0,0.0,1.0,1139050705.0,0.0,2.7e-05,0.0,0.08133876595762846,0.05,0.31124346874206266
NU,119924.81147825773,50408.830645965805,10,6,185004.2579583935,16,61.9375,1.517505,1.779884,1.080208,16,3,0,14670.61583416996,0.0,21701.02319560186,25426.66045911018,10,6,49.21290087239311,1103987.0,501343.0,69515.98083229193,LONG,11992.481147825772,8401.471774327634,0.819045,0.495591,2.3790437100301047,1.0,57304440363.0,1.9e-05,9e-06,0.002092766471822838,0.0014661118267812712,0.5243061154191339,0.33762927842909374
NVT,39736.44853060932,0.00017016094158852973,7,4,39736.453390409835,11,65.545455,5.723575,5.169208,6.693719,11,0,1,0.0,2.0032027628458254e-29,27738.940545267855,0.00010541746906011749,7,4,126343911019554.92,897343.0,490688.0,39736.448360448376,LONG,5676.63550437276,4.254023539713243e-05,0.301927,0.380484,99.0,1.0,21535896492.0,4.2e-05,2.3e-05,0.002635894682388298,1.9753176011472272e-11,0.5490969928988731,0.47464550059039945
OKLO,120096.27222550585,37055.00329368451,4,3,188130.4549448922,7,59.428571,0.718845,1.161156,0.129097,7,0,1,0.0,12235.355264525502,56179.86399405335,17346.653504032263,4,3,0.7287359506049874,749386.5,152290.0,83041.26893182134,LONG,30024.06805637646,12351.667764561504,0.53221,0.531867,3.2410271636914016,1.0,9362300425.0,8e-05,1.6e-05,0.0320691140995686,0.013192983779476936,0.4135207301344815,0.20530368371698182
OKTA,0.19475515479132816,0.823802626364659,2,2,1.3098591411414813,4,60.75,0.520538,0.615422,0.425654,4,0,0,0.0,0.0,0.1714347569583935,0.7272564211704928,2,2,0.6925492334706851,141207.5,277761.5,-0.6290474715733307,SHORT,0.09737757739566408,0.4119013131823295,0.119742,0.117196,0.23640997073626607,1.0,11075862177.0,1.3e-05,2.5e-05,8.791873340377705e-08,3.7189097029184663e-07,0.14276087141519378,0.17258518723563016
ON,105488.3448893704,13791.159425394375,3,3,133070.65159279254,6,31.833333,1.16685,1.016014,1.317685,6,0,1,0.0,8691.36565339827,82979.1402517353,8691.36565339827,3,3,0.32590826994383865,629680.0,152725.0,91697.18546397603,LONG,35162.78162979014,4597.053141798125,0.213381,0.369787,7.648983064841471,1.0,27983338041.0,2.3e-05,5e-06,0.012565613715658626,0.001642782263882428,0.20476883411729643,0.18583349217968226
ORCL,0.0,39765.8940127731,0,1,39765.8940127731,1,31.0,0.415925,,0.415925,1,0,1,0.0,39765.8940127731,0.0,39765.8940127731,0,1,0.0,0.0,132000.0,-39765.8940127731,SHORT,0.0,39765.8940127731,0.0,0.0,0.0,1.0,447570278520.0,0.0,0.0,0.0,0.0008884837962044464,0.05,0.0625
PG,1560.0601481397855,2.5055424600568825e-19,10,2,3119.1574303965353,12,60.083333,0.464211,0.467602,0.447256,12,1,1,7.021265548063821e-29,2.5049811302565425e-19,1559.0972189959273,2.5049811302565425e-19,10,2,59824284224165.48,1070868.0,170105.0,1560.0601481397855,LONG,156.00601481397854,1.2527712300284413e-19,0.000617,0.000224,99.0,1.0,333680018352.0,3e-06,1e-06,4.675317856444355e-06,3.7544088981285336e-27,0.31967526412658087,0.20583333333333334
PINS,0.48305736322906584,2.0417395194135505e-10,2,1,0.4830573634332398,3,61.666667,1.12518,1.000796,1.373946,3,0,0,0.0,0.0,0.48305425315325584,2.0417395194135505e-10,2,1,2365910825.7247944,256005.0,331364.0,0.4830573630248919,LONG,0.24152868161453292,2.0417395194135505e-10,6e-06,0.0,99.0,1.0,10549965738.0,2.4e-05,3.1e-05,2.289378824658823e-07,1.9353044077284477e-16,0.2984550082861873,0.3276058194268383
PLTR,316823.09921860305,48087.69682624876,6,3,395223.5411101839,9,43.333333,0.19856,0.183607,0.228465,9,0,0,0.0,0.0,265913.2381662945,20938.141718270665,6,3,0.22989583219931167,1908401.0,229940.0,268735.40239235427,LONG,52803.849869767175,16029.232275416252,0.160689,0.564584,6.588444033062207,1.0,303321983310.0,6e-06,1e-06,0.001740851398027448,0.0005284560024465525,0.14864480771237698,0.11981339082387493
PNC,3.4583398562425675e-06,9400.906887947584,1,1,9400.906891405923,2,52.0,0.394564,0.318113,0.471014,2,0,0,0.0,0.0,3.4583398562425675e-06,9400.906887947584,1,1,2718329394.659761,82510.0,60450.0,-9400.906884489244,SHORT,3.4583398562425675e-06,9400.906887947584,0.0,0.0,3.6787300389883937e-10,1.0,89951715829.0,1e-06,1e-06,3.8446624662690593e-13,0.0010451058994604277,0.18,0.18
PONY,0.0,1.4913716752196824e-18,0,1,2.9827433504393647e-18,1,49.0,32.627119,,32.627119,1,0,1,0.0,1.4913716752196824e-18,0.0,1.4913716752196824e-18,0,1,0.0,0.0,25414.0,-1.4913716752196824e-18,SHORT,0.0,1.4913716752196824e-18,0.0,0.0,0.0,1.0,3516937232.0,0.0,7e-06,0.0,4.240541064110986e-24,0.05,0.23361701687640052
PR,1520.573229848983,7.390926956891546e-14,2,1,1520.5732298489831,3,70.333333,0.468833,0.356844,0.69281,3,0,0,0.0,0.0,761.2466965000552,7.390926956891546e-14,2,1,1.0286755901647424e+16,130018.0,25790.0,1520.573229848983,LONG,760.2866149244915,7.390926956891546e-14,0.499369,0.0,99.0,1.0,16694996244.0,8e-06,2e-06,0.0004553978951613901,4.427031218738827e-20,0.24638070162829134,0.19517381877671136
PSKY,0.15026972487727638,0.0,2,0,0.30053944975455277,2,35.5,0.105648,0.105648,,2,0,0,0.0,0.0,0.14089630511749998,0.0,2,0,15.031472901930606,79634.0,0.0,0.15026972487727638,LONG,0.07513486243863819,0.0,0.062377,0.0,99.0,1.0,337995934.0,0.000236,0.0,2.2229516654078506e-06,0.0,0.4433333333333333,0.18
QBTS,127330.653903329,33040.56884971023,9,3,193411.79160274946,12,48.0,3.859124,4.070963,3.223608,12,0,0,0.0,0.0,19250.972404232743,13843.049427276846,9,3,1.3588119866740505,658530.0,169107.5,94290.08505361876,LONG,14147.850433703223,11013.52294990341,0.848811,0.581029,3.8537670002750484,1.0,5372705855.0,0.000123,3.1e-05,0.02633282151587884,0.020499024601642577,0.6734158290409665,0.4208090265590313
QQQ,120731.59202353042,0.0,2,0,120731.59202353042,2,65.0,0.328766,0.328766,,2,0,0,0.0,0.0,74687.68674288398,0.0,2,0,1.6220971328919256,397500.0,0.0,120731.59202353042,LONG,60365.79601176521,0.0,0.381374,0.0,99.0,1.0,400164020159.0,1e-06,0.0,0.0015085263284735006,0.0,0.1537223519491263,0.12029087575865012
QUBT,0.12435527012411102,0.0,1,0,0.12435527012411102,1,98.0,0.67871,0.67871,,1,0,0,0.0,0.0,0.12435527012411102,0.0,1,0,0.0,50089.0,0.0,0.12435527012411102,LONG,0.12435527012411102,0.0,0.0,0.0,99.0,0.7,1632393107.0,3.1e-05,0.0,7.617973243751943e-07,0.0,0.1344630879982669,0.02857142857142857
RDDT,90567.76746874927,56672.803056843026,3,1,147506.26996942362,4,48.75,8.82021,11.247842,1.537313,4,1,0,67730.18335078972,0.0,67730.18335078972,56672.803056843026,3,1,5.384645263731054,365587.0,281470.0,33894.96441190624,LONG,30189.255822916424,56672.803056843026,0.25216,0.0,1.5980816649903389,1.0,20856654020.0,1.8e-05,1.3e-05,0.01447463998490225,0.027172528729918984,0.440474862525829,0.29149401790266827
ROKU,1191.510400212732,0.0,3,0,2383.020800425464,3,75.333333,1.693914,1.693914,,3,2,0,603.1748071320006,0.0,603.1708089211729,0.0,3,0,298009.898259876,90691.5,0.0,1191.510400212732,LONG,397.17013340424404,0.0,0.493776,0.0,99.0,1.0,13505754314.0,7e-06,0.0,0.000294074750784219,0.0,0.35254538068592434,0.18
RRX,18331.150338553794,0.0,2,0,36662.30067710759,2,31.0,47.153846,47.153846,,2,1,0,9445.04669196159,0.0,9445.04669196159,0.0,2,0,0.9408215688499363,71816.0,0.0,18331.150338553794,LONG,9165.575169276897,0.0,0.484754,0.0,99.0,1.0,13965577216.0,5e-06,0.0,0.006562976257634475,0.0,0.30887928251801655,0.0907689346501639
RVMD,9722.150361193864,158968.66638559534,1,1,327659.48313238454,2,65.0,22.896552,1.344828,44.448276,2,1,1,9722.150361193864,158968.66638559534,9722.150361193864,158968.66638559534,1,1,32.70236737339953,62240.0,1017390.0,-149246.51602440147,SHORT,9722.150361193864,158968.66638559534,0.0,0.0,0.06115765189607717,1.0,27011034011.0,2e-06,3.8e-05,0.0035993255042493398,0.05885323246820421,0.24679489877671135,0.47626912880248845
SCHW,0.33221863094364285,5195.427337262602,7,4,10391.189855300876,11,52.0,0.334599,0.255629,0.472796,11,1,0,0.06081099582347242,0.0,0.25364776280031925,5195.368346211227,7,4,2931826.61229879,460694.0,344075.5,-5195.095118631659,SHORT,0.047459804420520404,1298.8568343156505,0.236503,1.1e-05,6.39444283169754e-05,1.0,169596447036.0,3e-06,2e-06,2.798396148620152e-09,7.65851441475035e-05,0.28942547841229516,0.22360521877671136
SEDG,9.959335339400671e-06,2.471504285718758,5,5,2.4715242043894365,10,50.5,10.120232,0.119157,20.121307,10,5,0,9.959335339400671e-06,0.0,4.377822786595884e-06,2.468692510665719,5,5,178776.48930443774,288832.0,6802701.0,-2.4714943263834184,SHORT,1.991867067880134e-06,0.4943008571437516,0.56043,0.001138,4.029665413468752e-06,1.0,2608427434.0,0.000111,0.002608,7.63627556556413e-12,1.895014792057089e-06,0.5787211904761904,0.6333333333333334
SJM,5.283454352832469e-28,4.693506642861663e-29,2,1,5.752805017118635e-28,3,50.666667,3.78653,4.625531,2.108527,3,0,0,0.0,0.0,4.872772521582073e-28,4.693506642861663e-29,2,1,0.0,648400.0,57600.0,4.814103688546303e-28,LONG,2.6417271764162344e-28,4.693506642861663e-29,0.07773,0.0,11.256944444444445,1.0,9548224000.0,6.8e-05,6e-06,2.7667209906431127e-34,4.915580785349886e-35,0.3995327657445012,0.16419267974564494
SMCI,32580.391512683746,38736.5995207083,2,2,91569.84967069908,4,39.5,0.495911,0.69442,0.297401,4,1,1,12327.5328753767,26032.876429590797,20252.858637307043,26032.876429590797,2,2,1.3870926126651417,172669.0,218899.0,-6156.208008024558,SHORT,16290.195756341873,19368.29976035415,0.378373,0.327951,0.8410751567201067,1.0,15555755445.0,1.1e-05,1.4e-05,0.010472134133207873,0.012450889851562688,0.20407056830802084,0.1992951720867781
SMH,184770.5697874826,46273.54789672373,4,4,279032.77977468935,8,63.75,1.347993,2.426108,0.269879,8,1,0,7673.901094313601,0.0,119370.81576340918,17175.40074249892,4,4,0.6611539092023099,898931.5,197076.0,138497.02189075886,LONG,46192.64244687065,11568.386974180932,0.353951,0.628829,3.9930063326863414,1.0,50647992419.0,1.8e-05,4e-06,0.009120330390339819,0.0022840761147012783,0.32331337160254936,0.16713431847747268
SNDK,334627.7981630533,945664.7683363952,4,18,1416875.8386381587,22,35.409091,1.598531,0.910386,1.751452,22,0,2,0.0,70790.406600622,178130.57736329714,210332.2526373952,4,18,1.1489503734922184,1705990.0,4955547.0,-611036.9701733419,SHORT,83656.94954076332,52536.931574244176,0.467675,0.777583,0.3538545680957613,1.0,140557804673.0,1.2e-05,3.5e-05,0.005951782594740051,0.0037377455984367756,0.22885696574847675,0.4744489599780671
SNOW,8271.94533383674,14941.514631948608,1,3,46426.919931570694,4,31.0,0.09068,0.087598,0.091708,4,0,0,0.0,0.0,8271.94533383674,6985.838185221471,1,3,1.1159387854497296,56750.0,103638.0,-6669.569298111868,SHORT,8271.94533383674,4980.5048773162025,0.0,0.532454,0.5536216064835422,1.0,46406768000.0,1e-06,2e-06,0.001782486841970279,0.0010732281285600847,0.09835734736948828,0.15951880424143772
SOXL,50082.95157982023,0.0,1,0,50082.95157982023,1,94.0,4.277778,4.277778,,1,0,0,0.0,0.0,50082.95157982023,0.0,1,0,0.0,174375.0,0.0,50082.95157982023,LONG,50082.95157982023,0.0,0.0,0.0,99.0,0.7,13332684834.0,1.3e-05,0.0,0.03756404070401671,0.0,0.23159683549685,0.02857142857142857
SOXS,121452.0885187521,47530.23205480858,2,1,216512.55262836927,3,44.0,88.751852,99.905556,66.444444,3,0,1,0.0,47530.23205480858,121451.63967851631,47530.23205480858,2,1,482381.22726202174,543125.0,175870.5,73921.85646394352,LONG,60726.04425937605,47530.23205480858,4e-06,0.0,2.5552597424456494,1.0,1574910836.0,0.000345,0.000112,0.3855840144805255,0.3017963364550028,0.7136150446475585,0.6894183749635069
SPXL,24688.819569696327,0.0005092105651957483,1,1,24688.820588117458,2,65.5,2.845833,0.391667,5.3,2,0,1,0.0,0.0005092105651957483,24688.819569696327,0.0005092105651957483,1,1,24242249.922883637,147490.0,59095.0,24688.819060485763,LONG,24688.819569696327,0.0005092105651957483,0.0,0.0,99.0,1.0,5300590716.0,2.8e-05,1.1e-05,0.046577487100017634,9.606675792920216e-10,0.28187514595575647,0.37704702861686007
SPXS,0.20025739046792837,14634.012103426856,4,3,14634.212436770837,7,38.0,5.519705,8.397471,2.641939,7,4,3,0.20025739046792837,14634.012103426856,0.20024100886686708,14634.012039045994,4,3,523505786.7074061,535964.0,187271.0,-14633.811846036388,SHORT,0.05006434761698209,4878.004034475619,8.2e-05,0.0,1.3684380541207422e-05,1.0,403659331.0,0.001328,0.000464,1.2402623641315528e-06,0.12084457511216604,0.67,0.663544825269396
SPY,111182.60692718522,0.0,3,0,222365.21385437044,3,69.0,0.230427,0.230427,,3,0,0,0.0,0.0,68665.6428026492,0.0,3,0,0.6191883216870673,364410.5,0.0,111182.60692718522,LONG,37060.86897572841,0.0,0.382407,0.0,99.0,1.0,686.240785,0.0,0.0,0.0,0.0,0.12367008917786815,0.07683149393977293
STX,337905.8006150585,87125.59762858762,9,13,500950.29569960106,22,54.909091,2.587219,2.714318,2.509004,22,2,1,250743.66472092105,741.5744454749563,250743.66366882008,42184.12137355364,9,13,105.475009338492,5188915.0,1587037.0,250780.2029864709,LONG,37545.08895722873,6701.969048352894,0.257948,0.515824,3.8783756991319045,1.0,111932543830.0,4.6e-05,1.4e-05,0.0033542603136270314,0.0005987507135129221,0.5906466679179974,0.507047607775335
TECL,0.011614294126249397,0.0,1,0,0.011614294126249397,1,36.0,20.666667,20.666667,,1,0,0,0.0,0.0,0.011614294126249397,0.0,1,0,0.0,60510.0,0.0,0.011614294126249397,LONG,0.011614294126249397,0.0,0.0,0.0,99.0,1.0,3926549500.0,1.5e-05,0.0,2.9578881219374408e-08,0.0,0.2475015405800337,0.05
TLN,0.0,456.6464704167773,0,5,913.2902840711798,5,51.6,2.161804,,2.161804,5,0,1,0.0,2.0441111940089186e-13,0.0,456.6438136544024,0,5,2951065.0616697804,0.0,713599.0,-456.6464704167773,SHORT,0.0,91.32929408335545,0.0,6e-06,0.0,1.0,14900227883.0,0.0,4.8e-05,0.0,6.129389080522391e-05,0.18,0.48535916656683786
TLT,15200.152315382353,70179.39677220487,1,3,85379.54908758722,4,56.5,0.082765,0.036819,0.09808,4,1,1,15200.152315382353,20613.843280569632,15200.152315382353,31456.039861520785,1,3,0.639710787416212,57000.0,268540.0,-54979.24445682252,SHORT,15200.152315382353,23393.132257401623,0.0,0.551777,0.21658995395358682,1.0,42149968217.0,1e-06,6e-06,0.003606207301777229,0.00554997625074523,0.09022080078803585,0.16704322715261788
TME,7425.725493940025,0.0,1,0,14851.45098788005,1,31.0,3.056548,3.056548,,1,0,0,0.0,0.0,7425.725493940025,0.0,1,0,0.0,35000.0,0.0,7425.725493940025,LONG,7425.725493940025,0.0,0.0,0.0,99.0,1.0,14606169473.0,2e-06,0.0,0.0050839650379702435,0.0,0.20363651034653313,0.05
TSLA,273076.12601986266,409565.1085895264,6,5,698939.5003846098,11,76.818182,0.271196,0.341228,0.187157,11,0,0,0.0,0.0,78756.63457278714,172128.32978400236,6,5,1.7291813254255566,1037747.0,1572302.0,-136488.98256966373,SHORT,45512.68766997711,81913.02171790527,0.711595,0.579729,0.6667465570011349,1.0,1322432079801.0,1e-06,1e-06,0.0003441589807532942,0.0006194119378156009,0.2352832145779646,0.21253088124463126
TSLL,0.0003201200903855477,0.0,1,0,0.0006402401807710954,1,71.0,0.195688,0.195688,,1,0,0,0.0,0.0,0.0003201200903855477,0.0,1,0,0.0,31498.5,0.0,0.0003201200903855477,LONG,0.0003201200903855477,0.0,0.0,0.0,99.0,1.0,4174281511.0,8e-06,0.0,7.668866834734849e-10,0.0,0.07452101115210086,0.05
TSM,592981.8162153232,394861.4750349333,8,4,1277400.5952730828,12,58.25,0.54231,0.620759,0.38541,12,2,1,189672.92023057185,130047.22896493324,194654.2062702292,217207.88235226632,8,4,2.045249098130391,4330731.5,2447422.5,198120.34118038986,LONG,74122.7270269154,98715.36875873333,0.671737,0.449914,1.5017464445293434,1.0,890560819860.0,5e-06,3e-06,0.0008323151588744698,0.001108462965777585,0.3192572252106234,0.22329658218842158
TTWO,1.2764565332712e-05,1538374.5737855094,1,5,1538374.5744748064,6,71.666667,0.401209,0.492126,0.383026,6,0,1,0.0,4.8850453004962565e-12,1.2764565332712e-05,1538374.5713872167,1,5,8008478948.465133,337500.0,10735916.5,-1538374.573772745,SHORT,1.2764565332712e-05,307674.9147571019,0.0,0.0,8.297436495782673e-12,1.0,37286929820.0,9e-06,0.000288,3.4233350383987178e-12,0.08251548632252123,0.20789363176242706,0.5236625870356371
TVTX,0.0,349.8339333258055,0,2,699.667866651611,2,34.0,103.190476,,103.190476,2,0,1,0.0,349.6953121795886,0.0,349.6953121795886,0,2,2522.6693165011543,0.0,683400.5,-349.8339333258055,SHORT,0.0,174.91696666290275,0.0,0.000396,0.0,1.0,2831815585.0,0.0,0.000241,0.0,0.0006176848788792253,0.18,0.6058333333333333
TWLO,0.0,0.20516352247765732,0,3,0.20516708111848997,3,37.666667,0.75098,,0.75098,3,0,1,0.0,1.0504453634177762e-06,0.0,0.20515996383682467,0,3,0.0,0.0,177954.5,-0.20516352247765732,SHORT,0.0,0.06838784082588577,0.0,1.7e-05,0.0,1.0,18824099236.0,0.0,9e-06,0.0,3.6329940661966964e-08,0.05,0.13211909842909372
UHS,12690.014480077718,0.0,1,0,25380.028960155436,1,31.0,5920.0,5920.0,,1,0,0,0.0,0.0,12690.014480077718,0.0,1,0,0.0,42563.0,0.0,12690.014480077718,LONG,12690.014480077718,0.0,0.0,0.0,99.0,1.0,9863095036.0,4e-06,0.0,0.012866158577768485,0.0,0.2136310359514511,0.05
UPRO,0.0119255614590789,27878.313534595527,2,5,35698.57919513147,7,52.857143,5.00753,6.152174,4.778601,7,2,1,0.0119255614590789,0.015865538876331964,0.011905283312266925,20058.07166352915,2,5,203087333.57174045,119375.0,315456.5,-27878.301609034068,SHORT,0.00596278072953945,5575.662706919105,0.0017,0.280513,4.27771982845372e-07,1.0,113.3446,0.0,0.0,0.0,0.0,0.36833333333333335,0.40872711904761905
URA,1.117201174247856,0.0098602379215978,6,4,2.24426258641731,10,70.6,5.659064,3.722177,8.564394,10,0,0,0.0,0.0,0.6257493744529677,0.008484490862184082,6,4,876.6098765402683,434570.5,1128116.0,1.1073409363262583,LONG,0.186200195707976,0.00246505948039945,0.439896,0.139525,99.0,1.0,2922340149.0,0.000149,0.000386,6.371612687581632e-07,8.435224356901001e-09,0.6709449523809524,0.6228232142857143
USO,27464.46207066934,30185.701586834468,2,3,76042.68456207811,5,43.6,0.493358,0.496371,0.491349,5,2,1,27464.46207066934,10189.080233586725,14167.8322224751,11793.18068226016,2,3,1.4871102848366244,156650.0,160942.0,-2721.2395161651293,SHORT,13732.23103533467,10061.900528944823,0.484139,0.609312,0.9098500490923822,1.0,1228364647.0,0.000128,0.000131,0.11179278945281033,0.08191297717268822,0.4680379806745649,0.46760826704653546
UVXY,0.00014522503116155854,14125.610135680852,2,2,28251.220416586733,4,43.25,39.213672,3.130952,75.296392,4,0,1,0.0,13598.68806846222,9.22750938816167e-05,13598.68806846222,2,2,194534096.81099024,148750.0,84766.0,-14125.609990455821,SHORT,7.261251558077927e-05,7062.805067840426,0.364606,0.037303,1.0280974044067989e-08,1.0,272736161.0,0.000545,0.000311,2.66237213703317e-09,0.25896107952624686,0.612233761904762,0.6902198201425929
VST,96175.41603829253,1914.640680658476,8,9,154207.08080407523,17,48.0,17.13425,38.589398,0.446913,17,4,3,88402.63551852132,327.2517109138355,48016.86624586943,1586.953844387617,8,9,109051.71632305333,865437.0,1892575.5,94260.77535763406,LONG,12021.927004786567,212.73785340649732,0.500737,0.171148,50.231574524581944,1.0,53306163299.0,1.6e-05,3.6e-05,0.002255260228982207,3.9908678516821374e-05,0.5526271620670413,0.43812445006002243
WDAY,56162.90907827586,157886.21845928745,4,3,261288.0020495729,7,41.0,0.538807,0.609699,0.444285,7,0,0,0.0,0.0,38883.843630931,110472.8825068176,4,3,4.205960829401943,383840.0,1217357.0,-101723.3093810116,SHORT,14040.727269568964,52628.73948642915,0.30766,0.300301,0.35571761504160687,1.0,25183200000.0,1.5e-05,4.8e-05,0.00557543412654824,0.020898352666233497,0.2891307345311845,0.36667024395238895
WDC,190906.18012453234,24550.15190502235,11,4,246003.72749677842,15,41.866667,52.692447,71.896174,4.683128,15,1,0,991.2731630821852,0.0,55189.5803932599,9764.286291103248,11,4,1.87816840171818,1106171.0,740971.0,166356.02821951,LONG,17355.107284048394,6137.537976255588,0.710907,0.602272,7.776171034016197,1.0,118717518768.0,9e-06,6e-06,0.0014618825817918307,0.0005169867126560891,0.4854171434559291,0.3749449285820041
WEX,0.0,6.757506352215963e-29,0,1,6.757506352215963e-29,1,59.0,250.0,,250.0,1,0,0,0.0,0.0,0.0,6.757506352215963e-29,0,1,0.0,0.0,1710000.0,-6.757506352215963e-29,SHORT,0.0,6.757506352215963e-29,0.0,0.0,0.0,1.0,5693503951.0,0.0,0.0003,0.0,1.1868800672438424e-34,0.05,0.45
WFC,242188.0319095754,355222.726662643,9,10,917338.4017289218,19,59.631579,0.478651,0.45575,0.499262,19,3,5,152127.29908102006,216646.55279478824,85839.17939162056,104342.68993981865,9,10,1.084977196783068,1595639.0,2302528.0,-113034.69475306763,SHORT,26909.781323286155,35522.2726662643,0.645568,0.706261,0.6817920525101501,1.0,267339471936.0,6e-06,9e-06,0.0010065771854942636,0.0013287328058599664,0.29783254779672075,0.35071366743255045
WGS,0.0,15705.517489591572,0,2,15705.517489591572,2,38.0,,,,2,0,1,0.0,15705.517489591572,0.0,15705.517489591572,0,2,1.141462631995064e+17,0.0,99280.0,-15705.517489591572,SHORT,0.0,7852.758744795786,0.0,0.0,0.0,1.0,1786027304.0,0.0,5.6e-05,0.0,0.0439677418548344,0.18,0.37916305859784605
WIX,1.9004919237133964e-06,4.839433049648353e-11,4,4,1.9006440061648057e-06,8,61.5,152.456629,0.384817,304.528441,8,1,1,3.43928186355125e-20,4.839431193527929e-11,1.9003882355924492e-06,4.839431193527929e-11,4,4,102209356361.14803,331976.5,378504.0,1.9004435293828998e-06,LONG,4.751229809283491e-07,1.2098582624120882e-11,5.5e-05,0.0,99.0,1.0,3571019624.0,9.3e-05,0.000106,1.3304966954960344e-12,3.387991077620828e-17,0.46946306282060507,0.6325000000000001
WULF,144961.24627450964,17288.902610522582,4,1,179539.0514955548,5,69.8,10.259738,5.686741,28.551724,5,0,0,0.0,0.0,81843.08088811308,17288.902610522582,4,1,2.6678999094822733,602601.0,65000.0,127672.34366398706,LONG,36240.31156862741,17288.902610522582,0.435414,0.0,8.384641266142685,1.0,8248125031.0,7.3e-05,8e-06,0.04393763604749048,0.0209610093755168,0.5907359105862311,0.3460317641296596
WYNN,334.4973370359136,0.0009986765681341517,1,1,668.9956727483952,2,51.5,0.221739,0.307292,0.136187,2,1,1,334.4973370359136,0.0009986765681341517,334.4973370359136,0.0009986765681341517,1,1,669881.2162197055,32256.0,112381.0,334.49633835934543,LONG,334.4973370359136,0.0009986765681341517,0.0,0.0,99.0,1.0,10747435970.0,3e-06,1e-05,0.0003112345474489145,9.292230918349464e-10,0.19967526412658085,0.2237354517544221
XBI,19036.433662993655,27427.387398492887,3,1,65500.2547244802,4,33.0,3.245509,3.290536,3.110429,4,0,0,0.0,0.0,19036.098736446682,27427.387398492887,3,1,97782.0143894705,196347.0,101722.0,-8390.953735499232,SHORT,6345.477887664551,27427.387398492887,1.8e-05,0.0,0.6940666052662271,1.0,132.083667,0.0,0.0,0.0,0.0,0.3566666666666667,0.33
XHB,9.360980439290752e-21,4943.429245983585,1,4,9886.858460373645,5,53.8,3.551333,6.166667,0.936,5,0,1,0.0,4943.418931522106,9.360980439290752e-21,4943.418931522106,1,4,209473587.5594723,38573.5,176071.5,-4943.429245983585,SHORT,9.360980439290752e-21,1235.8573114958963,0.0,2e-06,1.8936207991438977e-24,1.0,105.53642,0.0,0.0,0.0,0.0,0.33,0.25866
XLK,27962.79332098315,44258.5689483185,2,4,98187.53459491834,6,40.666667,3.867851,3.764716,3.919418,6,0,0,0.0,0.0,25965.86178586619,39187.6757460372,2,4,48.15008649542399,289200.0,538264.5,-16295.775627335348,SHORT,13981.396660491575,11064.642237079624,0.071414,0.114574,0.6318051845199918,1.0,145.644959,0.0,0.0,0.0,0.0,0.3433333333333333,0.37104099999999995
XLV,8571.007109211369,83137.00035786217,1,5,113930.95023676167,6,44.166667,26.264391,1.062593,31.304751,6,0,2,0.0,6437.663283807124,8571.007109211369,60913.76361184744,1,5,4.3124470451349,51921.0,402878.0,-74565.9932486508,SHORT,8571.007109211369,16627.400071572432,0.0,0.267309,0.1030949766327577,1.0,148.024171,0.0,0.0,0.0,0.0,0.21375558,0.4202839761904762
XOP,33895.05289287007,22677.035873526685,2,3,79249.13056246567,5,38.8,9.213134,0.071674,15.30744,5,1,0,33895.04697032785,0.0,33895.04697032785,7964.988375170226,2,3,1.3380732570503928,249483.0,84872.5,11218.017019343388,LONG,16947.526446435037,7559.011957842228,0.0,0.648764,1.4946862139261936,1.0,168.75955,0.0,0.0,0.0,0.0,0.13381650780551702,0.323847269710279
XP,3.4155759429910794e-31,0.0,1,0,3.4155759429910794e-31,1,60.0,0.441821,0.441821,,1,1,0,3.4155759429910794e-31,0.0,3.4155759429910794e-31,0.0,1,0,0.0,196020.0,0.0,3.4155759429910794e-31,LONG,3.4155759429910794e-31,0.0,0.0,0.0,99.0,1.0,8841551547.0,2.2e-05,0.0,3.863095662378407e-37,0.0,0.1316237554641359,0.05
