snapshot_date,ticker,total_notional,total_volume,print_count,large_print_count,buy_volume,sell_volume,bias,largest_print_notional,marketcap,sector
2026-04-17,TQQQ,2782342.65,47913,9,1,29814,10200,0.6223,1553686.14,0.0,—
2026-04-17,MU,2643437.0,5900,3,1,600,5300,0.1017,2374559.0,0.0,—
2026-04-17,QQQ,2059987.4,3185,8,0,2625,205,0.8242,924895.4,0.0,—
2026-04-17,PNFP,2031871.92,20688,1,1,0,0,0.0,2031871.92,7621711976.0,Financial Services
2026-04-17,TSLA,1566757.37,3990,10,0,1002,1080,0.2511,275675.4,0.0,—
2026-04-17,SNDK,1316491.18,1443,6,0,805,295,0.5579,606719.4,0.0,—
2026-04-17,NVDA,1210963.46,5992,9,0,1600,1300,0.267,222299.0,0.0,—
2026-04-17,EOG,1168135.41,9049,1,1,0,0,0.0,1168135.41,0.0,—
2026-04-17,AMZN,1084233.69,4367,5,0,0,4367,0.0,322764.0,0.0,—
2026-04-17,PSQ,1006068.86,34974,2,0,0,8350,0.0,765839.36,0.0,—
2026-04-17,PLTR,977291.5,6700,4,0,4900,800,0.7313,568873.5,0.0,—
2026-04-17,AAPL,894758.9,3278,7,0,2478,800,0.7559,181784.7,0.0,—
2026-04-17,CRM,855882.4,4600,2,0,0,0,0.0,744240.4,0.0,—
2026-04-17,BA,826305.39,3671,2,0,0,3671,0.0,688775.4,0.0,—
2026-04-17,TSM,821064.63,2242,5,0,0,592,0.0,216754.88,0.0,—
2026-04-17,NOK,792193.5,74700,2,0,0,0,0.0,450712.5,0.0,—
2026-04-17,WMT,725148.26,5668,3,0,4644,0,0.8193,363861.36,0.0,—
2026-04-17,FXI,701702.8,18640,5,0,0,0,0.0,249962.8,0.0,—
2026-04-17,CAR,579855.91,950,3,0,0,400,0.0,243869.16,21380670280.0,Industrials
2026-04-17,CIFR,548821.0,28525,3,0,28525,0,1.0,205752.56,0.0,—
2026-04-17,UVIX,529528.99,91287,5,0,0,0,0.0,108859.35,0.0,—
2026-04-17,CPER,520138.54,14054,1,0,0,14054,0.0,520138.54,0.0,—
2026-04-17,GOOGL,472388.5,1400,4,0,300,400,0.2143,134968.0,0.0,—
2026-04-17,KRE,469888.35,6658,2,0,0,0,0.0,364025.85,0.0,—
2026-04-17,COIN,467818.5,2210,3,0,670,0,0.3032,190507.5,0.0,—
2026-04-17,MCO,460360.0,1000,1,0,0,0,0.0,460360.0,0.0,—
2026-04-17,GOOG,413449.62,1233,2,0,714,519,0.5791,239482.74,0.0,—
2026-04-17,SH,406166.05,11643,3,0,0,0,0.0,166575.88,0.0,—
2026-04-17,WCN,399962.5,2500,1,0,0,0,0.0,399962.5,40880872184.0,Industrials
2026-04-17,SBUX,390832.53,3949,1,0,3949,0,1.0,390832.53,0.0,—
2026-04-17,ADI,380878.5,1000,2,0,300,0,0.3,266605.5,0.0,—
2026-04-17,SQQQ,369947.5,6500,2,0,0,0,0.0,187819.5,0.0,—
2026-04-17,JNK,368581.0,3800,2,0,0,0,0.0,184290.5,0.0,—
2026-04-17,MLI,362200.0,3000,3,0,0,0,0.0,120745.0,0.0,—
2026-04-17,T,361115.94,13784,3,0,4892,0,0.3549,128170.4,0.0,—
2026-04-17,BK,351650.0,2600,1,0,0,2600,0.0,351650.0,0.0,—
2026-04-17,BLD,348281.07,711,1,0,0,0,0.0,348281.07,13782319701.0,Industrials
2026-04-17,CME,347971.55,1212,2,0,0,1212,0.0,190924.89,0.0,—
2026-04-17,IDXX,345136.0,592,1,0,0,0,0.0,345136.0,0.0,—
2026-04-17,SPY,345044.47,487,2,0,327,160,0.6715,231687.67,0.0,—
2026-04-17,AVGO,339611.6,850,2,0,850,0,1.0,195784.4,0.0,—
2026-04-17,FN,335544.0,480,2,0,0,0,0.0,167776.8,0.0,—
2026-04-17,MSFT,329390.71,788,3,0,240,240,0.3046,128748.31,0.0,—
2026-04-17,NOW,299069.7,3000,1,0,0,3000,0.0,299069.7,0.0,—
2026-04-17,TMUS,283704.85,1430,1,0,1430,0,1.0,283704.85,0.0,—
2026-04-17,XLF,278753.5,5300,2,0,0,0,0.0,142006.5,0.0,—
2026-04-17,CMCSA,236490.98,7964,1,0,7964,0,1.0,236490.98,0.0,—
2026-04-17,PLUG,227976.0,70800,1,0,70800,0,1.0,227976.0,0.0,—
2026-04-17,AZO,221742.69,62,2,0,0,0,0.0,110881.42,0.0,—
2026-04-17,LLY,220989.6,240,2,0,120,0,0.5,110496.0,0.0,—
2026-04-17,JNJ,220631.57,957,2,0,0,0,0.0,115272.5,0.0,—
2026-04-17,KO,209889.44,2780,1,0,0,2780,0.0,209889.44,0.0,—
2026-04-17,RSG,208567.5,1000,2,0,0,0,0.0,104287.5,0.0,—
2026-04-17,LITE,201096.02,225,1,0,0,225,0.0,201096.02,0.0,—
2026-04-17,CLS,199881.93,499,1,0,0,0,0.0,199881.93,0.0,—
2026-04-17,INTC,198045.64,3016,1,0,0,0,0.0,198045.64,0.0,—
2026-04-17,NFLX,189720.0,2000,1,0,2000,0,1.0,189720.0,0.0,—
2026-04-17,CDNS,179389.17,564,1,0,0,564,0.0,179389.17,0.0,—
2026-04-17,C,172822.0,1300,1,0,1300,0,1.0,172822.0,0.0,—
2026-04-17,BTI,171045.0,3000,1,0,0,0,0.0,171045.0,0.0,—
2026-04-17,PGR,168748.5,829,1,0,0,829,0.0,168748.5,0.0,—
2026-04-17,SHEL,166972.0,1900,1,0,0,1900,0.0,166972.0,0.0,—
2026-04-17,SOFI,165664.15,8500,1,0,8500,0,1.0,165664.15,0.0,—
2026-04-17,SHW,165120.0,480,1,0,480,0,1.0,165120.0,0.0,—
2026-04-17,PG,154324.71,1070,1,0,0,1070,0.0,154324.71,0.0,—
2026-04-17,SLV,144260.0,2000,1,0,0,2000,0.0,144260.0,0.0,—
2026-04-17,PYPL,144018.0,2800,1,0,0,0,0.0,144018.0,0.0,—
2026-04-17,TXN,140178.0,600,1,0,0,0,0.0,140178.0,0.0,—
2026-04-17,XLV,140077.69,950,1,0,0,950,0.0,140077.69,0.0,—
2026-04-17,QID,135337.5,7500,1,0,0,0,0.0,135337.5,0.0,—
2026-04-17,SPXU,135132.97,3081,1,0,0,0,0.0,135132.97,0.0,—
2026-04-17,AXP,131960.0,400,1,0,0,400,0.0,131960.0,0.0,—
2026-04-17,BND,129990.53,1756,1,0,0,0,0.0,129990.53,0.0,—
2026-04-17,MO,129210.0,2000,1,0,0,0,0.0,129210.0,0.0,—
2026-04-17,LYFT,128845.83,8948,1,0,0,8948,0.0,128845.83,0.0,—
2026-04-17,MCK,128681.25,150,1,0,0,0,0.0,128681.25,0.0,—
2026-04-17,KMB,128050.0,1300,1,0,0,1300,0.0,128050.0,0.0,—
2026-04-17,MKSI,125919.0,450,1,0,0,0,0.0,125919.0,0.0,—
2026-04-17,ALNY,124486.0,400,1,0,0,400,0.0,124486.0,0.0,—
2026-04-17,Z,122967.0,2600,1,0,0,0,0.0,122967.0,0.0,—
2026-04-17,WSO,122577.0,280,1,0,0,0,0.0,122577.0,0.0,—
2026-04-17,AVTR,121635.0,14310,1,0,0,14310,0.0,121635.0,0.0,—
2026-04-17,PCG,121275.0,7000,1,0,0,0,0.0,121275.0,0.0,—
2026-04-17,EWY,119159.55,794,1,0,0,0,0.0,119159.55,0.0,—
2026-04-17,BRKB,117956.25,250,1,0,0,250,0.0,117956.25,0.0,—
2026-04-17,TSLL,117700.63,8853,1,0,0,0,0.0,117700.63,0.0,—
2026-04-17,TDG,112046.88,88,1,0,0,0,0.0,112046.88,0.0,—
2026-04-17,QCOM,109988.0,800,1,0,0,0,0.0,109988.0,0.0,—
2026-04-17,AMD,109911.96,400,1,0,0,0,0.0,109911.96,0.0,—
2026-04-17,MDT,106289.04,1248,1,0,0,0,0.0,106289.04,0.0,—
2026-04-17,VRTX,105450.0,240,1,0,0,0,0.0,105450.0,0.0,—
2026-04-17,LRCX,105204.0,400,1,0,0,400,0.0,105204.0,0.0,—
2026-04-17,VGIT,104877.1,1756,1,0,0,0,0.0,104877.1,0.0,—
2026-04-17,EBAY,104213.13,974,1,0,0,0,0.0,104213.13,0.0,—
2026-04-17,EFX,103321.35,520,1,0,520,0,1.0,103321.35,0.0,—
2026-04-17,ZS,102584.8,760,1,0,0,0,0.0,102584.8,0.0,—
2026-04-17,META,100604.99,150,1,0,0,150,0.0,100604.99,0.0,—
2026-04-17,F,100347.0,7800,1,0,0,0,0.0,100347.0,0.0,—
2026-04-17,CSX,100085.31,2291,1,0,0,2291,0.0,100085.31,0.0,—
2026-04-20,NSC,10561250.0,35000,1,1,0,0,0.0,10561250.0,0.0,—
2026-04-20,UNP,8747550.0,35000,1,1,35000,0,1.0,8747550.0,0.0,—
2026-04-20,NVDA,3967308.84,19774,15,0,1500,2789,0.0759,980126.89,0.0,—
2026-04-20,GE,2893657.5,9990,10,0,3050,440,0.3053,724250.0,301467077367.0,Industrials
2026-04-20,QQQ,2667068.05,4124,6,0,0,200,0.0,776065.2,0.0,—
2026-04-20,FTRE,2399236.4,229592,1,1,229592,0,1.0,2399236.4,0.0,—
2026-04-20,LITE,1932002.1,2263,5,1,1683,0,0.7437,1335358.84,0.0,—
2026-04-20,MU,1845954.77,4081,11,0,280,300,0.0686,452220.0,0.0,—
2026-04-20,TSLA,1604644.95,4125,7,0,0,0,0.0,388950.1,0.0,—
2026-04-20,AAPL,1221733.33,4557,5,0,0,1400,0.0,528941.57,0.0,—
2026-04-20,SCHG,1167443.77,35949,5,0,0,0,0.0,402690.0,0.0,—
2026-04-20,CRWD,1135041.15,2517,1,1,2517,0,1.0,1135041.15,0.0,—
2026-04-20,PBF,984733.72,24255,2,0,0,0,0.0,828240.0,0.0,—
2026-04-20,AMZN,863585.15,3434,4,0,0,500,0.0,251490.1,0.0,—
2026-04-20,SPY,846647.41,1198,5,0,200,438,0.1669,254424.17,0.0,—
2026-04-20,CLOZ,757941.54,29118,1,0,0,0,0.0,757941.54,0.0,—
2026-04-20,NFLX,727170.8,7836,3,0,4476,1360,0.5712,415372.8,0.0,—
2026-04-20,MSFT,723812.46,1695,3,0,0,0,0.0,412962.18,0.0,—
2026-04-20,UNH,662501.5,1900,4,0,0,0,0.0,348685.0,316552039619.0,Healthcare
2026-04-20,CAR,636174.0,900,1,0,0,0,0.0,636174.0,24983046754.0,Industrials
2026-04-20,TQQQ,613339.4,10565,3,0,5165,2500,0.4889,299879.9,0.0,—
2026-04-20,DHI,539339.0,3300,3,0,0,800,0.0,245175.0,0.0,—
2026-04-20,VLO,521435.88,2241,1,0,0,0,0.0,521435.88,0.0,—
2026-04-20,QID,519675.79,28791,3,0,11200,0,0.389,202160.0,0.0,—
2026-04-20,MRVL,504170.43,3318,2,0,0,0,0.0,277156.98,0.0,—
2026-04-20,AVGO,477363.8,1187,1,0,0,0,0.0,477363.8,0.0,—
2026-04-20,SNDK,476147.6,520,3,0,0,0,0.0,192292.8,0.0,—
2026-04-20,GOOG,438466.8,1322,2,0,0,0,0.0,265329.84,0.0,—
2026-04-20,JEPI,437738.33,7606,2,0,5000,0,0.6574,287750.0,0.0,—
2026-04-20,MSTR,419720.0,2500,2,0,0,1500,0.0,251790.0,0.0,—
2026-04-20,FRMM,408000.0,100000,1,0,100000,0,1.0,408000.0,0.0,—
2026-04-20,WDC,388016.0,1000,2,0,0,0,0.0,232818.0,0.0,—
2026-04-20,BND,367430.11,4973,3,0,0,0,0.0,130998.11,0.0,—
2026-04-20,MMM,357600.0,2400,3,0,0,0,0.0,134100.0,78480933500.0,Industrials
2026-04-20,CRDO,348317.69,1900,1,0,0,0,0.0,348317.69,0.0,—
2026-04-20,BAC,337239.0,6300,1,0,0,6300,0.0,337239.0,0.0,—
2026-04-20,PG,327783.0,2300,2,0,0,1300,0.0,185263.0,0.0,—
2026-04-20,CDNA,317100.0,15100,1,0,0,15100,0.0,317100.0,0.0,—
2026-04-20,MINT,301710.0,3000,1,0,3000,0,1.0,301710.0,0.0,—
2026-04-20,CAH,287602.0,1400,2,0,1400,0,1.0,164344.0,0.0,—
2026-04-20,HOOD,286049.25,3280,2,0,0,0,0.0,156933.9,0.0,—
2026-04-20,HON,268919.6,1207,1,0,0,0,0.0,268919.6,0.0,—
2026-04-20,INFY,263400.88,18568,2,0,7741,0,0.4169,153556.09,0.0,—
2026-04-20,VOO,257924.96,397,2,0,0,200,0.0,129938.0,0.0,—
2026-04-20,HAS,251822.79,2793,2,0,1200,0,0.4296,143336.55,12784114829.0,Consumer Cyclical
2026-04-20,VUSB,249946.3,5020,1,0,0,0,0.0,249946.3,0.0,—
2026-04-20,SOXL,247925.25,2500,1,0,0,0,0.0,247925.25,0.0,—
2026-04-20,GS,243050.85,262,2,0,0,0,0.0,131727.99,0.0,—
2026-04-20,SQQQ,227827.0,4000,2,0,0,0,0.0,113919.8,0.0,—
2026-04-20,DAPR,221477.85,5555,1,0,5555,0,1.0,221477.85,0.0,—
2026-04-20,PLTD,221260.0,29900,2,0,0,29900,0.0,111740.0,0.0,—
2026-04-20,LVHI,216731.1,5358,1,0,5358,0,1.0,216731.1,0.0,—
2026-04-20,JHX,207165.84,9336,1,0,9336,0,1.0,207165.84,0.0,—
2026-04-20,GTES,198130.24,7744,1,0,0,0,0.0,198130.24,6497436616.0,Industrials
2026-04-20,CRWV,196477.5,1700,1,0,0,0,0.0,196477.5,0.0,—
2026-04-20,GD,194892.0,600,1,0,0,600,0.0,194892.0,0.0,—
2026-04-20,TDG,193476.8,160,1,0,0,0,0.0,193476.8,0.0,—
2026-04-20,CGDG,191958.0,5200,1,0,0,0,0.0,191958.0,0.0,—
2026-04-20,JBBB,188080.0,4000,1,0,0,0,0.0,188080.0,0.0,—
2026-04-20,KLAC,179163.5,100,1,0,0,0,0.0,179163.5,0.0,—
2026-04-20,LII,173689.12,352,1,0,0,0,0.0,173689.12,0.0,—
2026-04-20,ANET,172975.0,1000,1,0,0,0,0.0,172975.0,0.0,—
2026-04-20,NTRS,170819.0,1000,1,0,0,0,0.0,170819.0,31774231465.0,Financial Services
2026-04-20,BSV,169595.93,2162,1,0,0,0,0.0,169595.93,0.0,—
2026-04-20,MCK,168000.0,200,1,0,0,0,0.0,168000.0,0.0,—
2026-04-20,APA,167332.5,4500,1,0,0,0,0.0,167332.5,0.0,—
2026-04-20,UAL,166328.0,1700,1,0,0,1700,0.0,166328.0,0.0,—
2026-04-20,VV,157908.69,486,1,0,0,0,0.0,157908.69,0.0,—
2026-04-20,EFX,156184.0,800,1,0,0,0,0.0,156184.0,0.0,—
2026-04-20,WMT,155508.0,1200,1,0,0,1200,0.0,155508.0,0.0,—
2026-04-20,PL,152520.4,4000,1,0,0,0,0.0,152520.4,0.0,—
2026-04-20,SATS,149972.13,1206,1,0,0,0,0.0,149972.13,0.0,—
2026-04-20,BRKB,149921.6,320,1,0,0,0,0.0,149921.6,0.0,—
2026-04-20,PLTR,146865.0,1000,1,0,0,0,0.0,146865.0,0.0,—
2026-04-20,CNX,146106.88,3875,1,0,0,0,0.0,146106.88,0.0,—
2026-04-20,RGTI,145366.34,7807,1,0,0,7807,0.0,145366.34,0.0,—
2026-04-20,SCHP,136595.61,5094,1,0,0,0,0.0,136595.61,0.0,—
2026-04-20,BFAM,136208.0,1600,1,0,0,0,0.0,136208.0,0.0,—
2026-04-20,BMNR,133380.6,6000,1,0,0,0,0.0,133380.6,0.0,—
2026-04-20,COHR,130738.12,375,1,0,0,0,0.0,130738.12,0.0,—
2026-04-20,TSLL,126585.0,9700,1,0,0,9700,0.0,126585.0,0.0,—
2026-04-20,GOOGL,125799.43,377,1,0,377,0,1.0,125799.43,0.0,—
2026-04-20,VTI,125706.6,360,1,0,0,0,0.0,125706.6,0.0,—
2026-04-20,ZTS,124502.91,1043,1,0,0,0,0.0,124502.91,0.0,—
2026-04-20,UI,123570.75,122,1,0,0,0,0.0,123570.75,0.0,—
2026-04-20,IGIB,123314.5,2300,1,0,0,0,0.0,123314.5,0.0,—
2026-04-20,ITUB,123124.93,13405,1,0,0,0,0.0,123124.93,0.0,—
2026-04-20,COF,122271.0,600,1,0,0,0,0.0,122271.0,0.0,—
2026-04-20,DVA,120000.0,800,1,0,0,0,0.0,120000.0,0.0,—
2026-04-20,QQQM,117704.6,442,1,0,0,0,0.0,117704.6,0.0,—
2026-04-20,ACN,117438.0,600,1,0,0,0,0.0,117438.0,0.0,—
2026-04-20,SPMO,117336.38,923,1,0,0,0,0.0,117336.38,0.0,—
2026-04-20,DTE,112160.1,780,1,0,0,0,0.0,112160.1,29884259301.0,Utilities
2026-04-20,CARR,110506.71,1789,1,0,1789,0,1.0,110506.71,0.0,—
2026-04-20,OC,109566.99,900,1,0,0,0,0.0,109566.99,0.0,—
2026-04-20,IRWD,108830.92,26005,1,0,0,0,0.0,108830.92,0.0,—
2026-04-20,GEV,108019.0,109,1,0,0,0,0.0,108019.0,0.0,—
2026-04-20,TLT,107638.12,1239,1,0,0,0,0.0,107638.12,0.0,—
2026-04-20,AVAV,107090.0,500,1,0,500,0,1.0,107090.0,0.0,—
2026-04-20,SCHH,106443.54,4600,1,0,0,0,0.0,106443.54,0.0,—
2026-04-20,SNOW,106039.57,700,1,0,0,0,0.0,106039.57,0.0,—
2026-04-20,PCG,102210.0,6000,1,0,0,0,0.0,102210.0,0.0,—
2026-04-20,PRMB,101300.0,5000,1,0,0,0,0.0,101300.0,0.0,—
2026-04-21,USMV,18712851.95,199164,1,1,0,0,0.0,18712851.95,0.0,—
2026-04-21,RJF,9985236.92,64621,4,1,0,0,0.0,8996927.0,30468303410.0,Financial Services
2026-04-21,GPC,9647072.9,86335,2,1,0,0,0.0,9366605.5,0.0,—
2026-04-21,AGO,9286054.33,111571,4,1,0,0,0.0,8332821.14,0.0,—
2026-04-21,USB,8989551.6,158826,2,1,0,0,0.0,8642820.0,0.0,—
2026-04-21,STE,8973744.1,40142,3,2,0,0,0.0,6265659.4,0.0,—
2026-04-21,FHI,8765332.82,152786,1,1,0,0,0.0,8765332.82,0.0,—
2026-04-21,LH,8734744.8,32040,1,1,0,0,0.0,8734744.8,0.0,—
2026-04-21,J,8558605.0,67100,1,1,0,0,0.0,8558605.0,0.0,—
2026-04-21,GLD,4648532.38,10680,2,1,10680,0,1.0,3867240.67,0.0,—
2026-04-21,CRGY,3998963.25,320625,2,2,0,320625,0.0,2221646.25,0.0,—
2026-04-21,IAUM,3889113.91,82318,1,1,82318,0,1.0,3889113.91,0.0,—
2026-04-21,SCHD,3475265.96,112058,1,1,0,112058,0.0,3475265.96,0.0,—
2026-04-21,VTI,3097760.4,8820,2,1,0,0,0.0,2985370.0,0.0,—
2026-04-21,TSLA,2980257.48,7445,19,0,2588,981,0.3476,368136.36,0.0,—
2026-04-21,NVDA,2835772.5,14005,2,1,13005,1000,0.9286,2633512.5,0.0,—
2026-04-21,GRID,2588739.3,14070,1,1,0,0,0.0,2588739.3,0.0,—
2026-04-21,IVV,2533829.76,3546,2,1,3546,0,1.0,1604901.76,0.0,—
2026-04-21,IOO,2104293.6,15798,1,1,0,0,0.0,2104293.6,0.0,—
2026-04-21,GEV,2066817.48,1833,1,1,0,0,0.0,2066817.48,0.0,—
2026-04-21,CCJ,2016184.74,15942,1,1,0,0,0.0,2016184.74,0.0,—
2026-04-21,WPM,1841562.0,12725,1,1,0,0,0.0,1841562.0,0.0,—
2026-04-21,LLY,1653135.12,1794,1,1,0,0,0.0,1653135.12,0.0,—
2026-04-21,NEM,1648780.85,14741,1,1,0,0,0.0,1648780.85,0.0,—
2026-04-21,JAZZ,1598853.94,7969,2,1,0,0,0.0,1223868.62,0.0,—
2026-04-21,MSFT,1557646.16,3598,1,1,0,3598,0.0,1557646.16,0.0,—
2026-04-21,AVGO,1492799.8,3532,1,1,0,3532,0.0,1492799.8,0.0,—
2026-04-21,TPG,1486546.12,32614,1,1,0,0,0.0,1486546.12,0.0,—
2026-04-21,QQQ,1476000.0,2250,1,1,0,0,0.0,1476000.0,0.0,—
2026-04-21,GOOGL,1396641.12,4116,1,1,4116,0,1.0,1396641.12,0.0,—
2026-04-21,MRK,1298235.0,11500,1,1,0,11500,0.0,1298235.0,0.0,—
2026-04-21,BND,1294691.94,17529,1,1,0,0,0.0,1294691.94,0.0,—
2026-04-21,HSY,1179062.5,6250,1,1,0,6250,0.0,1179062.5,0.0,—
2026-04-21,TEL,1151176.32,5208,1,1,0,0,0.0,1151176.32,64851908676.0,Technology
2026-04-21,SLV,1126834.81,16013,1,1,0,16013,0.0,1126834.81,0.0,—
2026-04-21,VZ,1125176.58,24471,2,0,0,0,0.0,891782.1,0.0,—
2026-04-21,KWEB,1123484.28,38436,1,1,0,0,0.0,1123484.28,0.0,—
2026-04-21,VICR,1101340.0,4156,1,1,0,0,0.0,1101340.0,8912433551.0,Technology
2026-04-21,BK,1089621.72,8019,1,1,0,0,0.0,1089621.72,0.0,—
2026-04-21,MS,1024792.2,5364,1,1,0,0,0.0,1024792.2,0.0,—
2026-04-21,APO,966272.22,7487,1,0,0,0,0.0,966272.22,0.0,—
2026-04-21,HSBC,962872.21,10643,1,0,0,0,0.0,962872.21,0.0,—
2026-04-21,MDT,961191.0,11550,2,0,0,0,0.0,486670.56,0.0,—
2026-04-21,OUST,939870.32,33857,1,0,0,0,0.0,939870.32,0.0,—
2026-04-21,BAM,910872.27,18777,1,0,0,18777,0.0,910872.27,0.0,—
2026-04-21,MSTR,894400.0,5000,1,0,0,0,0.0,894400.0,0.0,—
2026-04-21,CM,885741.6,8156,1,0,0,0,0.0,885741.6,0.0,—
2026-04-21,ABT,881237.0,9610,1,0,0,9610,0.0,881237.0,0.0,—
2026-04-21,TD,870231.54,8322,1,0,0,0,0.0,870231.54,0.0,—
2026-04-21,RPM,850668.72,7986,1,0,0,0,0.0,850668.72,0.0,—
2026-04-21,LITE,836781.53,978,3,0,0,750,0.0,323051.03,0.0,—
2026-04-21,META,826532.0,1225,1,0,1225,0,1.0,826532.0,0.0,—
2026-04-21,SYY,805905.1,10670,1,0,0,0,0.0,805905.1,0.0,—
2026-04-21,NFG,794809.95,9141,1,0,0,0,0.0,794809.95,8259696687.0,Energy
2026-04-21,EMR,787519.32,5516,1,0,0,0,0.0,787519.32,0.0,—
2026-04-21,TXN,783103.65,3079,4,0,2579,500,0.8376,254850.0,214545002974.0,Technology
2026-04-21,BX,772542.15,5955,1,0,0,0,0.0,772542.15,0.0,—
2026-04-21,PBA,761608.98,17853,1,0,0,0,0.0,761608.98,0.0,—
2026-04-21,PPG,748970.69,6707,1,0,0,0,0.0,748970.69,0.0,—
2026-04-21,USHY,744740.0,20000,1,0,0,0,0.0,744740.0,0.0,—
2026-04-21,ETR,721700.51,6533,1,0,0,0,0.0,721700.51,0.0,—
2026-04-21,UL,698865.67,12169,1,0,0,0,0.0,698865.67,0.0,—
2026-04-21,MSM,689643.78,7134,1,0,0,0,0.0,689643.78,0.0,—
2026-04-21,BIDU,681547.12,5528,1,0,0,0,0.0,681547.12,0.0,—
2026-04-21,LRCX,680000.0,2500,1,0,0,2500,0.0,680000.0,0.0,—
2026-04-21,TRP,678678.0,11300,1,0,0,0,0.0,678678.0,0.0,—
2026-04-21,VRT,630114.1,2065,1,0,2065,0,1.0,630114.1,0.0,—
2026-04-21,JPM,620092.62,1981,1,0,0,0,0.0,620092.62,0.0,—
2026-04-21,RKLB,612542.12,6803,1,0,0,0,0.0,612542.12,0.0,—
2026-04-21,CNI,601207.95,5495,1,0,0,0,0.0,601207.95,0.0,—
2026-04-21,ENB,569333.8,10991,1,0,0,0,0.0,569333.8,0.0,—
2026-04-21,WMB,550314.0,7740,1,0,0,0,0.0,550314.0,0.0,—
2026-04-21,SHEL,535776.63,5987,1,0,0,0,0.0,535776.63,0.0,—
2026-04-21,FTNT,476382.3,5470,1,0,5470,0,1.0,476382.3,0.0,—
2026-04-21,MU,475943.02,974,2,0,0,324,0.0,317999.5,0.0,—
2026-04-21,HIMS,474984.0,16200,2,0,0,16200,0.0,366500.0,0.0,—
2026-04-21,WPC,465785.04,6392,1,0,0,0,0.0,465785.04,0.0,—
2026-04-21,CVX,459837.76,2468,1,0,0,0,0.0,459837.76,0.0,—
2026-04-21,TTE,459314.96,5128,1,0,0,0,0.0,459314.96,0.0,—
2026-04-21,NXPI,448791.0,1988,1,0,0,1988,0.0,448791.0,0.0,—
2026-04-21,USO,439585.66,3400,1,0,0,0,0.0,439585.66,0.0,—
2026-04-21,CL,402362.1,4886,1,0,0,0,0.0,402362.1,0.0,—
2026-04-21,BTI,393190.0,7000,1,0,0,0,0.0,393190.0,0.0,—
2026-04-21,DELL,391521.6,1824,1,0,0,1824,0.0,391521.6,0.0,—
2026-04-21,NOW,388470.83,3769,1,0,0,0,0.0,388470.83,107894900000.0,Technology
2026-04-21,MP,375978.46,5434,1,0,5434,0,1.0,375978.46,0.0,—
2026-04-21,SPY,369813.6,520,1,0,520,0,1.0,369813.6,0.0,—
2026-04-21,V,368567.36,1184,1,0,0,0,0.0,368567.36,0.0,—
2026-04-21,TRUP,361338.74,13202,1,0,0,0,0.0,361338.74,0.0,—
2026-04-21,PANW,346092.0,1910,1,0,1910,0,1.0,346092.0,0.0,—
2026-04-21,XLE,339240.0,6000,1,0,0,0,0.0,339240.0,0.0,—
2026-04-21,CHWY,336945.44,12461,1,0,0,0,0.0,336945.44,0.0,—
2026-04-21,DASH,335923.61,1843,1,0,0,0,0.0,335923.61,0.0,—
2026-04-21,MKC,323334.54,6282,1,0,0,6282,0.0,323334.54,0.0,—
2026-04-21,SLB,313001.65,5759,1,0,0,0,0.0,313001.65,0.0,—
2026-04-21,CIEN,305369.64,612,1,0,0,0,0.0,305369.64,0.0,—
2026-04-21,FRPT,292664.52,4437,1,0,0,0,0.0,292664.52,0.0,—
2026-04-21,CRCL,287929.24,2759,1,0,0,2759,0.0,287929.24,0.0,—
2026-04-21,B,286698.47,7039,1,0,0,0,0.0,286698.47,0.0,—
2026-04-21,UUUU,286314.76,12652,1,0,0,0,0.0,286314.76,0.0,—
2026-04-21,RBLX,286212.36,4799,1,0,0,0,0.0,286212.36,0.0,—
2026-04-21,TEM,282601.41,5091,1,0,0,5091,0.0,282601.41,0.0,—
2026-04-21,HOOD,282204.0,3200,2,0,0,1200,0.0,176388.0,0.0,—
2026-04-21,NBIS,280427.44,1796,1,0,0,1796,0.0,280427.44,0.0,—
2026-04-21,MCHP,280267.04,3398,1,0,0,3398,0.0,280267.04,0.0,—
2026-04-21,CEG,271079.04,944,1,0,944,0,1.0,271079.04,0.0,—
2026-04-21,DE,268535.37,463,1,0,0,0,0.0,268535.37,0.0,—
2026-04-21,MRCY,264930.27,3207,1,0,0,0,0.0,264930.27,0.0,—
2026-04-21,RDW,256292.19,21483,1,0,21483,0,1.0,256292.19,0.0,—
2026-04-21,NOC,252946.98,429,1,0,0,0,0.0,252946.98,83741517115.0,Industrials
2026-04-21,MRVL,252896.0,1600,1,0,0,0,0.0,252896.0,0.0,—
2026-04-21,BKSY,249977.68,6148,1,0,0,0,0.0,249977.68,0.0,—
2026-04-21,IONQ,249066.24,5259,1,0,0,0,0.0,249066.24,0.0,—
2026-04-21,UBER,246164.06,3257,1,0,0,0,0.0,246164.06,0.0,—
2026-04-21,SYNA,243736.14,2879,1,0,0,0,0.0,243736.14,0.0,—
2026-04-21,AIRR,243189.9,1962,1,0,0,0,0.0,243189.9,0.0,—
2026-04-21,COIN,240682.08,1167,1,0,1167,0,1.0,240682.08,0.0,—
2026-04-21,QBTS,238992.48,11252,1,0,0,0,0.0,238992.48,0.0,—
2026-04-21,COHR,237618.66,678,1,0,0,0,0.0,237618.66,0.0,—
2026-04-21,QCOM,229414.02,1686,1,0,1686,0,1.0,229414.02,0.0,—
2026-04-21,SOXL,227850.0,2100,2,0,0,926,0.0,127379.0,0.0,—
2026-04-21,T,226805.4,8730,1,0,0,0,0.0,226805.4,181909998568.0,Communication Services
2026-04-21,COST,220814.0,220,1,0,220,0,1.0,220814.0,0.0,—
2026-04-21,ASML,219436.32,152,1,0,152,0,1.0,219436.32,0.0,—
2026-04-21,TSLL,216232.05,15635,1,0,0,0,0.0,216232.05,0.0,—
2026-04-21,ARM,215440.72,1096,1,0,0,1096,0.0,215440.72,0.0,—
2026-04-21,GROY,212116.8,59920,1,0,59920,0,1.0,212116.8,0.0,—
2026-04-21,ACN,200175.3,1053,1,0,0,0,0.0,200175.3,0.0,—
2026-04-21,JNJ,191506.7,847,1,0,847,0,1.0,191506.7,0.0,—
2026-04-21,NOK,184589.06,18721,1,0,0,0,0.0,184589.06,0.0,—
2026-04-21,RGTI,183836.76,10002,1,0,0,0,0.0,183836.76,0.0,—
2026-04-21,ETN,171342.18,414,1,0,0,0,0.0,171342.18,0.0,—
2026-04-21,ROK,168506.28,414,1,0,0,0,0.0,168506.28,0.0,—
2026-04-21,SOXS,168011.57,10276,1,0,0,0,0.0,168011.57,0.0,—
2026-04-21,VST,163579.5,1050,1,0,0,0,0.0,163579.5,0.0,—
2026-04-21,EVR,160868.57,457,1,0,0,0,0.0,160868.57,0.0,—
2026-04-21,APP,145596.71,301,1,0,0,0,0.0,145596.71,0.0,—
2026-04-21,TER,145212.86,377,1,0,0,377,0.0,145212.86,0.0,—
2026-04-21,GLW,144289.8,855,1,0,855,0,1.0,144289.8,0.0,—
2026-04-21,ANET,142361.73,801,1,0,0,0,0.0,142361.73,0.0,—
2026-04-21,AMD,138984.68,458,1,0,0,458,0.0,138984.68,0.0,—
2026-04-21,BLMN,137760.0,21000,1,0,0,0,0.0,137760.0,0.0,—
2026-04-21,SQQQ,136218.5,2500,1,0,0,0,0.0,136218.5,0.0,—
2026-04-21,KEYS,131181.39,387,1,0,0,0,0.0,131181.39,0.0,—
2026-04-21,ESLT,130867.44,152,1,0,0,0,0.0,130867.44,0.0,—
2026-04-21,BLK,130683.81,123,1,0,0,0,0.0,130683.81,0.0,—
2026-04-21,BSX,130194.09,2007,1,0,0,0,0.0,130194.09,0.0,—
2026-04-21,RKT,127960.98,8358,1,0,0,0,0.0,127960.98,0.0,—
2026-04-21,PAVE,127019.52,2304,1,0,0,0,0.0,127019.52,0.0,—
2026-04-21,KBWB,125379.22,1438,1,0,0,0,0.0,125379.22,0.0,—
2026-04-21,AMAT,121500.0,300,1,0,0,0,0.0,121500.0,0.0,—
2026-04-21,TQQQ,120960.0,2000,1,0,0,0,0.0,120960.0,0.0,—
2026-04-21,ACHR,108249.78,17863,1,0,0,0,0.0,108249.78,0.0,—
2026-04-21,UPS,105290.1,1000,1,0,0,0,0.0,105290.1,0.0,—
2026-04-21,SH,104280.0,3000,1,0,3000,0,1.0,104280.0,0.0,—
2026-04-22,QQQ,3888318.55,5978,15,1,640,498,0.1071,1280716.56,0.0,—
2026-04-22,XLI,3741949.48,21534,4,1,1100,0,0.0511,3249499.0,0.0,—
2026-04-22,TLT,2983718.05,34490,5,1,32120,0,0.9313,1799408.0,0.0,—
2026-04-22,MU,2605607.0,5480,11,0,900,737,0.1642,805283.91,0.0,—
2026-04-22,IWM,2368388.84,8615,5,1,2549,5066,0.2959,1392694.06,0.0,—
2026-04-22,AMD,2026423.64,6663,14,0,2650,2113,0.3977,273663.0,0.0,—
2026-04-22,ORCL,1879295.52,10648,2,1,9648,1000,0.9061,1702775.52,0.0,—
2026-04-22,PLTR,1790192.12,12617,7,1,800,9267,0.0634,1092553.0,0.0,—
2026-04-22,BABA,1552075.47,11847,4,0,0,11847,0.0,681252.0,0.0,—
2026-04-22,SOXL,1372138.99,12507,9,0,0,3060,0.0,226064.4,0.0,—
2026-04-22,TQQQ,1355842.4,23000,3,0,0,0,0.0,589499.0,0.0,—
2026-04-22,MSFT,1350566.11,3254,5,0,0,278,0.0,830080.0,0.0,—
2026-04-22,MA,1328736.5,2639,2,0,0,0,0.0,966720.0,0.0,—
2026-04-22,SPY,1328476.65,1877,5,0,1289,333,0.6867,416888.31,0.0,—
2026-04-22,TSLA,1236760.83,3312,4,0,780,1122,0.2355,418943.58,0.0,—
2026-04-22,ESGV,1199804.97,9679,1,1,0,0,0.0,1199804.97,0.0,—
2026-04-22,TXN,1176148.51,4255,5,0,0,0,0.0,552750.0,250928713503.0,Technology
2026-04-22,VOO,969507.85,1490,3,0,0,0,0.0,715737.0,0.0,—
2026-04-22,TSLL,825594.22,68800,4,0,21000,0,0.3052,252000.0,0.0,—
2026-04-22,INTC,798082.06,11943,4,0,3600,0,0.3014,296838.16,0.0,—
2026-04-22,MSCI,771803.0,1300,5,0,0,0,0.0,178134.0,0.0,—
2026-04-22,AZO,557894.29,155,5,0,31,62,0.2,111615.5,0.0,—
2026-04-22,MINT,554132.34,5508,2,0,0,0,0.0,304229.52,0.0,—
2026-04-22,NVDA,496682.92,2500,3,0,1000,0,0.4,198670.0,0.0,—
2026-04-22,STX,488327.6,830,2,0,0,830,0.0,370641.6,0.0,—
2026-04-22,SNDK,475070.78,507,3,0,200,0,0.3945,187390.0,0.0,—
2026-04-22,FCX,420377.99,6777,1,0,0,6777,0.0,420377.99,89253812737.0,Basic Materials
2026-04-22,APD,415971.41,1371,1,0,0,1371,0.0,415971.41,0.0,—
2026-04-22,ARM,386612.0,1900,1,0,0,0,0.0,386612.0,0.0,—
2026-04-22,CEG,384502.8,1320,1,0,1320,0,1.0,384502.8,0.0,—
2026-04-22,PLTD,373252.9,49049,2,0,15749,0,0.3211,253403.01,0.0,—
2026-04-22,NOC,353754.0,600,2,0,0,0,0.0,235836.0,0.0,—
2026-04-22,XEL,336695.62,4250,1,0,0,0,0.0,336695.62,0.0,—
2026-04-22,NOW,333166.58,3903,2,0,0,2603,0.0,222192.08,87928835000.0,Technology
2026-04-22,NFLX,307932.61,3304,2,0,1414,0,0.428,176147.81,0.0,—
2026-04-22,IVV,303618.55,427,2,0,0,0,0.0,166386.87,0.0,—
2026-04-22,META,276220.36,420,2,0,0,240,0.0,157824.38,0.0,—
2026-04-22,STRC,258884.73,2600,2,0,0,0,0.0,129442.43,0.0,—
2026-04-22,AAPL,246894.95,900,2,0,400,500,0.4444,137174.95,0.0,—
2026-04-22,KWEB,244983.58,8635,1,0,0,0,0.0,244983.58,0.0,—
2026-04-22,AVLV,240603.86,2800,2,0,1400,0,0.5,120302.0,0.0,—
2026-04-22,MYRG,235750.0,700,2,0,0,0,0.0,134680.0,0.0,—
2026-04-22,CAR,224135.0,1000,1,0,0,0,0.0,224135.0,7825305225.0,Industrials
2026-04-22,PTRB,216491.66,5178,1,0,0,0,0.0,216491.66,0.0,—
2026-04-22,APH,207411.98,1381,1,0,0,1381,0.0,207411.98,0.0,—
2026-04-22,COIN,197790.0,1000,1,0,0,0,0.0,197790.0,0.0,—
2026-04-22,SMH,191300.0,400,1,0,0,0,0.0,191300.0,0.0,—
2026-04-22,THC,188450.0,1000,1,0,0,1000,0.0,188450.0,16431658850.0,Healthcare
2026-04-22,AVGO,187198.15,445,1,0,0,0,0.0,187198.15,0.0,—
2026-04-22,V,185142.0,600,1,0,0,0,0.0,185142.0,0.0,—
2026-04-22,MCD,182052.0,600,1,0,0,0,0.0,182052.0,0.0,—
2026-04-22,PYLD,172450.96,6499,1,0,0,0,0.0,172450.96,0.0,—
2026-04-22,DFAI,169961.85,4194,1,0,0,0,0.0,169961.85,0.0,—
2026-04-22,SCHW,158795.28,1800,1,0,0,1800,0.0,158795.28,0.0,—
2026-04-22,AOA,154918.8,1656,1,0,0,0,0.0,154918.8,0.0,—
2026-04-22,SQQQ,153807.5,2750,1,0,2750,0,1.0,153807.5,0.0,—
2026-04-22,BRCB,152816.1,11860,1,0,0,0,0.0,152816.1,0.0,—
2026-04-22,VONG,152423.7,1254,1,0,1254,0,1.0,152423.7,0.0,—
2026-04-22,IQLT,148736.65,3062,1,0,0,0,0.0,148736.65,0.0,—
2026-04-22,IMAX,146324.9,4010,1,0,4010,0,1.0,146324.9,0.0,—
2026-04-22,KOLD,139418.25,5275,1,0,0,0,0.0,139418.25,0.0,—
2026-04-22,RWM,139270.0,9500,1,0,9500,0,1.0,139270.0,0.0,—
2026-04-22,FSLR,137270.0,700,1,0,700,0,1.0,137270.0,0.0,—
2026-04-22,NKE,134440.2,3000,1,0,0,0,0.0,134440.2,0.0,—
2026-04-22,BMNR,127687.0,5800,1,0,0,0,0.0,127687.0,0.0,—
2026-04-22,ON,125827.0,1300,1,0,1300,0,1.0,125827.0,38184529562.0,Technology
2026-04-22,NVDU,124095.0,1000,1,0,0,0,0.0,124095.0,0.0,—
2026-04-22,CAIE,123153.63,4597,1,0,0,0,0.0,123153.63,0.0,—
2026-04-22,VICR,119038.8,460,1,0,0,0,0.0,119038.8,0.0,—
2026-04-22,HUT,117907.5,1500,1,0,0,0,0.0,117907.5,0.0,—
2026-04-22,IEF,115665.62,1213,1,0,0,0,0.0,115665.62,0.0,—
2026-04-22,EEM,112059.0,1800,1,0,0,1800,0.0,112059.0,0.0,—
2026-04-22,PDD,109350.08,1120,1,0,0,0,0.0,109350.08,0.0,—
2026-04-22,MAS,108548.4,1445,1,0,0,0,0.0,108548.4,0.0,—
2026-04-22,TRV,107409.75,350,1,0,0,0,0.0,107409.75,0.0,—
2026-04-22,CRWV,106317.0,900,1,0,900,0,1.0,106317.0,0.0,—
2026-04-22,NUE,105995.0,500,1,0,0,0,0.0,105995.0,0.0,—
2026-04-22,UNH,105906.0,300,1,0,0,0,0.0,105906.0,0.0,—
2026-04-22,ACN,103414.33,577,1,0,0,0,0.0,103414.33,0.0,—
2026-04-22,WULF,103033.0,5026,1,0,5026,0,1.0,103033.0,0.0,—
2026-04-22,SLB,102251.73,1862,1,0,0,0,0.0,102251.73,0.0,—
2026-04-22,SOXS,101808.63,6300,1,0,0,0,0.0,101808.63,0.0,—
2026-04-22,GOOGL,101742.0,300,1,0,300,0,1.0,101742.0,0.0,—
2026-04-22,MMM,101311.0,700,1,0,0,0,0.0,101311.0,0.0,—
2026-04-23,PNFP,6367269.66,66666,1,1,0,0,0.0,6367269.66,0.0,—
2026-04-23,NVDA,3165945.0,15230,18,0,6398,4076,0.4201,382942.59,5046624000000.0,Technology
2026-04-23,INTC,2011626.27,24509,12,0,2665,4100,0.1087,459647.44,410900630000.0,Technology
2026-04-23,INTU,1974573.6,5000,2,1,5000,0,1.0,1863998.8,0.0,—
2026-04-23,SGOV,1891384.74,18794,6,0,0,0,0.0,813146.15,0.0,—
2026-04-23,MSFT,1873084.49,4413,7,0,2139,0,0.4847,806068.53,0.0,—
2026-04-23,AVGO,1466301.53,3473,6,0,0,868,0.0,503536.44,0.0,—
2026-04-23,AMD,1381317.48,3992,9,0,0,1221,0.0,345975.0,563836829780.0,Technology
2026-04-23,TSLA,1288918.03,3420,6,0,720,1900,0.2105,376840.0,0.0,—
2026-04-23,SPY,1202210.81,1684,5,0,875,326,0.5196,344808.92,0.0,—
2026-04-23,AXP,1141296.94,3640,2,0,2560,1080,0.7033,802943.74,0.0,—
2026-04-23,ELV,1032540.3,3000,1,1,0,0,0.0,1032540.3,0.0,—
2026-04-23,TSM,995030.83,2479,6,0,1320,0,0.5325,208982.9,0.0,—
2026-04-23,SOXS,745108.27,54600,3,0,17300,0,0.3168,272820.0,0.0,—
2026-04-23,META,739101.46,1094,6,0,430,484,0.3931,189196.0,0.0,—
2026-04-23,SNDK,648489.92,655,4,0,200,0,0.3053,198087.7,0.0,—
2026-04-23,QQQ,599946.33,904,3,0,0,682,0.0,289968.42,0.0,—
2026-04-23,AMAT,540583.0,1300,3,0,0,0,0.0,207915.0,0.0,—
2026-04-23,GOOGL,525164.63,1522,4,0,1122,0,0.7372,146301.24,0.0,—
2026-04-23,AMZN,500016.83,1893,1,0,0,0,0.0,500016.83,0.0,—
2026-04-23,COHU,470686.37,10021,1,0,0,10021,0.0,470686.37,0.0,—
2026-04-23,AAPL,453904.64,1674,3,0,1674,0,1.0,183559.07,0.0,—
2026-04-23,NVTS,430051.16,25105,1,0,0,0,0.0,430051.16,0.0,—
2026-04-23,ASML,428902.76,294,2,0,0,0,0.0,283020.76,0.0,—
2026-04-23,MU,414207.76,836,3,0,300,0,0.3589,148647.0,0.0,—
2026-04-23,SOXL,394937.16,3100,2,0,0,1500,0.0,203792.16,0.0,—
2026-04-23,KLAC,385595.0,200,1,0,0,0,0.0,385595.0,0.0,—
2026-04-23,FIX,374808.99,218,2,0,0,0,0.0,206226.94,0.0,—
2026-04-23,NOW,360339.8,4000,2,0,0,2000,0.0,180179.8,0.0,—
2026-04-23,ISRG,347158.8,720,3,0,0,0,0.0,115719.6,0.0,—
2026-04-23,GEV,342793.5,300,3,0,300,0,1.0,114264.5,0.0,—
2026-04-23,CACI,284515.61,550,1,0,0,0,0.0,284515.61,0.0,—
2026-04-23,BKNG,271868.29,1505,2,0,800,705,0.5316,144541.76,0.0,—
2026-04-23,IWM,265120.77,959,2,0,500,459,0.5214,138250.0,0.0,—
2026-04-23,TQQQ,256582.49,4104,2,0,0,2052,0.0,128291.45,0.0,—
2026-04-23,T,254011.96,9700,1,0,0,9700,0.0,254011.96,0.0,—
2026-04-23,STLD,250184.0,1100,1,0,1100,0,1.0,250184.0,0.0,—
2026-04-23,DHR,248135.16,1400,1,0,1400,0,1.0,248135.16,0.0,—
2026-04-23,TSEM,237200.04,1200,1,0,0,0,0.0,237200.04,0.0,—
2026-04-23,AZO,221751.99,62,2,0,0,0,0.0,110875.99,0.0,—
2026-04-23,DPZ,221088.06,600,1,0,0,0,0.0,221088.06,12350885001.0,Consumer Cyclical
2026-04-23,DUK,218744.35,1718,2,0,1718,0,1.0,114592.5,0.0,—
2026-04-23,VALE,210576.0,12300,1,0,12300,0,1.0,210576.0,0.0,—
2026-04-23,HUBS,209728.15,937,1,0,0,0,0.0,209728.15,0.0,—
2026-04-23,KEYS,207402.0,600,1,0,0,600,0.0,207402.0,0.0,—
2026-04-23,OIH,199713.57,457,1,0,0,0,0.0,199713.57,0.0,—
2026-04-23,CB,195636.06,600,1,0,0,0,0.0,195636.06,0.0,—
2026-04-23,CLF,194819.59,19920,1,0,19920,0,1.0,194819.59,0.0,—
2026-04-23,MTZ,187793.45,500,1,0,500,0,1.0,187793.45,0.0,—
2026-04-23,ARM,186948.0,800,1,0,0,0,0.0,186948.0,0.0,—
2026-04-23,NFLX,185010.0,2000,1,0,0,0,0.0,185010.0,0.0,—
2026-04-23,XLF,183356.15,3565,1,0,0,3565,0.0,183356.15,0.0,—
2026-04-23,SO,177207.52,1893,1,0,0,0,0.0,177207.52,0.0,—
2026-04-23,BMNR,176560.0,8000,1,0,0,8000,0.0,176560.0,0.0,—
2026-04-23,UPRO,176346.88,1389,1,0,0,0,0.0,176346.88,0.0,—
2026-04-23,IBIT,175100.1,3980,1,0,0,0,0.0,175100.1,0.0,—
2026-04-23,SEI,174062.34,2404,1,0,0,2404,0.0,174062.34,0.0,—
2026-04-23,VVV,166350.0,5000,1,0,0,0,0.0,166350.0,4234524373.0,Energy
2026-04-23,TDY,162448.75,250,1,0,0,0,0.0,162448.75,0.0,—
2026-04-23,GDX,159834.0,1700,1,0,1700,0,1.0,159834.0,0.0,—
2026-04-23,IREN,151042.5,3000,1,0,0,0,0.0,151042.5,0.0,—
2026-04-23,NBIS,150331.62,1025,1,0,0,0,0.0,150331.62,0.0,—
2026-04-23,QDTE,150325.0,5000,1,0,0,0,0.0,150325.0,0.0,—
2026-04-23,VZ,148627.2,3200,1,0,3200,0,1.0,148627.2,0.0,—
2026-04-23,STX,146583.75,250,1,0,0,0,0.0,146583.75,0.0,—
2026-04-23,ORCL,146210.4,840,1,0,0,0,0.0,146210.4,0.0,—
2026-04-23,EMB,144255.0,1500,1,0,1500,0,1.0,144255.0,0.0,—
2026-04-23,VB,141577.5,500,1,0,0,0,0.0,141577.5,0.0,—
2026-04-23,EWY,138604.86,900,1,0,0,900,0.0,138604.86,0.0,—
2026-04-23,D,137751.02,2200,1,0,2200,0,1.0,137751.02,0.0,—
2026-04-23,GEHC,137540.0,2000,1,0,0,0,0.0,137540.0,31323681486.0,Healthcare
2026-04-23,KO,130364.5,1700,1,0,0,0,0.0,130364.5,0.0,—
2026-04-23,PLTR,128655.0,900,1,0,0,900,0.0,128655.0,0.0,—
2026-04-23,SOUN,127686.0,15600,1,0,0,0,0.0,127686.0,0.0,—
2026-04-23,KMI,126800.0,4000,1,0,0,4000,0.0,126800.0,0.0,—
2026-04-23,MXL,126613.62,2100,1,0,0,2100,0.0,126613.62,5391562191.0,Technology
2026-04-23,NXPI,126124.37,519,1,0,0,519,0.0,126124.37,0.0,—
2026-04-23,TT,121502.5,250,1,0,0,0,0.0,121502.5,0.0,—
2026-04-23,HAL,116414.12,2900,1,0,0,2900,0.0,116414.12,0.0,—
2026-04-23,AMT,116167.41,650,1,0,650,0,1.0,116167.41,0.0,—
2026-04-23,IBM,115605.0,500,1,0,0,500,0.0,115605.0,0.0,—
2026-04-23,APA,113265.0,3000,1,0,0,0,0.0,113265.0,0.0,—
2026-04-23,SNOW,112288.0,800,1,0,0,0,0.0,112288.0,0.0,—
2026-04-23,VCIT,111914.88,1344,1,0,0,1344,0.0,111914.88,0.0,—
2026-04-23,XOM,111019.14,747,1,0,0,0,0.0,111019.14,0.0,—
2026-04-23,LRCX,107080.0,400,1,0,0,0,0.0,107080.0,335040476610.0,Technology
2026-04-23,CRM,106953.0,600,1,0,0,0,0.0,106953.0,0.0,—
2026-04-23,BOIL,106177.63,8457,1,0,0,0,0.0,106177.63,0.0,—
2026-04-23,SQQQ,105107.0,2000,1,0,0,0,0.0,105107.0,0.0,—
2026-04-23,SPYI,104399.8,2000,1,0,0,0,0.0,104399.8,0.0,—
2026-04-23,GILD,104091.12,798,1,0,0,0,0.0,104091.12,0.0,—
2026-04-23,PSX,104002.25,641,1,0,0,0,0.0,104002.25,0.0,—
2026-04-23,MDLZ,103680.9,1800,1,0,0,1800,0.0,103680.9,73840719763.0,Consumer Defensive
2026-04-23,UVXY,103506.0,2600,1,0,2600,0,1.0,103506.0,0.0,—
2026-04-23,LLY,101785.93,115,1,0,0,0,0.0,101785.93,0.0,—
2026-04-23,DFUS,101133.5,1300,1,0,0,0,0.0,101133.5,0.0,—
2026-04-23,CRWV,100228.8,912,1,0,0,0,0.0,100228.8,0.0,—
2026-04-23,VEU,100060.03,1246,1,0,0,0,0.0,100060.03,0.0,—
2026-04-24,SPY,8751041.99,12250,21,2,0,0,0.0,2107391.5,0.0,—
2026-04-24,ALHC,8098273.92,383441,1,1,0,383441,0.0,8098273.92,0.0,—
2026-04-24,ICLR,6344100.0,63000,1,1,0,0,0.0,6344100.0,0.0,—
2026-04-24,NVDA,4643478.18,21708,24,0,5100,2500,0.2349,727294.0,0.0,—
2026-04-24,TSLA,4316580.53,11445,15,1,2250,5425,0.1966,1250418.33,0.0,—
2026-04-24,KVUE,3484000.0,200000,1,1,200000,0,1.0,3484000.0,0.0,—
2026-04-24,KMB,2853998.55,29250,1,1,29250,0,1.0,2853998.55,0.0,—
2026-04-24,FLSP,1576178.58,58507,1,1,0,0,0.0,1576178.58,0.0,—
2026-04-24,VONG,1507527.27,12221,2,1,10372,0,0.8487,1279489.92,0.0,—
2026-04-24,AMD,1385646.8,4145,6,0,1045,2800,0.2521,467880.0,0.0,—
2026-04-24,SNDK,1166996.53,1100,4,0,600,100,0.5455,636594.0,0.0,—
2026-04-24,PYLD,1108954.0,41800,1,1,41800,0,1.0,1108954.0,0.0,—
2026-04-24,ORCL,1053890.0,6100,5,0,0,0,0.0,431875.0,0.0,—
2026-04-24,AVGO,1026657.4,2474,5,0,0,2174,0.0,282159.2,0.0,—
2026-04-24,GEV,1005371.28,900,9,0,0,0,0.0,111747.42,0.0,—
2026-04-24,PJT,939569.13,6059,1,0,0,6059,0.0,939569.13,0.0,—
2026-04-24,IREN,908586.0,18700,3,0,10700,3000,0.5722,519806.0,0.0,—
2026-04-24,MA,804542.48,1589,1,0,0,0,0.0,804542.48,0.0,—
2026-04-24,MU,763117.41,1469,5,0,0,880,0.0,207748.04,0.0,—
2026-04-24,MSFT,658442.93,1550,5,0,250,0,0.1613,169942.0,0.0,—
2026-04-24,QQQ,636644.8,960,6,0,160,320,0.1667,106113.6,0.0,—
2026-04-24,TSM,554223.15,1380,2,0,0,880,0.0,353356.7,0.0,—
2026-04-24,VEA,541485.36,7956,1,0,7956,0,1.0,541485.36,0.0,—
2026-04-24,MOH,509052.06,2838,1,0,0,0,0.0,509052.06,0.0,—
2026-04-24,SPXL,485019.8,2000,1,0,0,0,0.0,485019.8,0.0,—
2026-04-24,GOOGL,465471.71,1322,2,0,0,0,0.0,352110.0,0.0,—
2026-04-24,CHTR,465337.15,2674,3,0,999,0,0.3736,191372.61,21415297254.0,Communication Services
2026-04-24,INTC,407494.5,4925,2,0,0,0,0.0,245572.32,0.0,—
2026-04-24,NOBL,382459.73,3539,1,0,0,3539,0.0,382459.73,0.0,—
2026-04-24,INMU,381703.84,15799,1,0,0,15799,0.0,381703.84,0.0,—
2026-04-24,REGN,373364.3,500,1,0,500,0,1.0,373364.3,0.0,—
2026-04-24,CDNS,367036.58,1091,3,0,320,0,0.2933,158456.18,91747061500.0,Technology
2026-04-24,UNH,315256.5,900,1,0,0,0,0.0,315256.5,0.0,—
2026-04-24,NEBX,300975.0,5000,1,0,0,0,0.0,300975.0,0.0,—
2026-04-24,META,295883.2,436,2,0,0,0,0.0,169645.0,0.0,—
2026-04-24,WULF,268805.21,12753,2,0,7753,0,0.6079,163355.71,0.0,—
2026-04-24,AMZN,262405.05,1000,2,0,0,0,0.0,131210.05,0.0,—
2026-04-24,GIS,253274.4,7278,1,0,7278,0,1.0,253274.4,0.0,—
2026-04-24,BMNR,243790.56,11232,1,0,0,0,0.0,243790.56,0.0,—
2026-04-24,BE,236389.9,1000,1,0,1000,0,1.0,236389.9,0.0,—
2026-04-24,APP,228778.75,500,2,0,0,0,0.0,114390.0,0.0,—
2026-04-24,BELFB,226809.0,900,1,0,0,0,0.0,226809.0,0.0,—
2026-04-24,BWXT,221930.1,1000,1,0,0,0,0.0,221930.1,0.0,—
2026-04-24,BK,214528.0,1600,2,0,1600,0,1.0,107268.0,0.0,—
2026-04-24,MELI,203422.34,109,1,0,0,109,0.0,203422.34,0.0,—
2026-04-24,GOOG,201152.25,575,1,0,0,575,0.0,201152.25,0.0,—
2026-04-24,FLCC,186021.36,5468,1,0,0,0,0.0,186021.36,0.0,—
2026-04-24,PRA,185332.5,7500,1,0,0,0,0.0,185332.5,0.0,—
2026-04-24,MSI,173284.0,400,1,0,400,0,1.0,173284.0,0.0,—
2026-04-24,MSTR,171553.6,1005,1,0,0,1005,0.0,171553.6,0.0,—
2026-04-24,NFLX,168846.79,1833,1,0,0,0,0.0,168846.79,0.0,—
2026-04-24,COP,168805.0,1400,1,0,0,0,0.0,168805.0,0.0,—
2026-04-24,MDT,165930.0,2000,1,0,0,0,0.0,165930.0,0.0,—
2026-04-24,ACN,161892.0,900,1,0,0,0,0.0,161892.0,0.0,—
2026-04-24,SGOV,150969.9,1500,1,0,0,0,0.0,150969.9,0.0,—
2026-04-24,ASTS,148445.95,1930,1,0,0,0,0.0,148445.95,0.0,—
2026-04-24,HIMS,147935.0,5000,1,0,0,5000,0.0,147935.0,0.0,—
2026-04-24,ITOT,146703.2,938,1,0,0,938,0.0,146703.2,0.0,—
2026-04-24,ORCL-D,146160.6,2820,1,0,0,0,0.0,146160.6,0.0,—
2026-04-24,SQQQ,144374.74,2738,1,0,2738,0,1.0,144374.74,0.0,—
2026-04-24,FRDM,141390.0,2250,1,0,0,0,0.0,141390.0,0.0,—
2026-04-24,TSLG,141078.7,23435,1,0,23435,0,1.0,141078.7,0.0,—
2026-04-24,COIN,138502.0,700,1,0,0,0,0.0,138502.0,0.0,—
2026-04-24,ACLX,138096.0,1200,1,0,0,1200,0.0,138096.0,0.0,—
2026-04-24,XE,133319.6,4000,1,0,0,0,0.0,133319.6,0.0,—
2026-04-24,TNA,132945.02,2192,1,0,0,0,0.0,132945.02,0.0,—
2026-04-24,XLG,129030.0,2125,1,0,0,2125,0.0,129030.0,0.0,—
2026-04-24,ICSH,127005.83,2509,1,0,0,0,0.0,127005.83,0.0,—
2026-04-24,IONQ,126870.0,3000,1,0,0,3000,0.0,126870.0,0.0,—
2026-04-24,TQQQ,124680.2,2000,1,0,0,0,0.0,124680.2,0.0,—
2026-04-24,YUM,122545.26,786,1,0,0,0,0.0,122545.26,0.0,—
2026-04-24,USO,122112.0,900,1,0,0,0,0.0,122112.0,0.0,—
2026-04-24,IWF,119842.5,250,1,0,0,0,0.0,119842.5,0.0,—
2026-04-24,SOXL,119319.9,1000,1,0,0,0,0.0,119319.9,0.0,—
2026-04-24,QCOM,119028.0,800,1,0,0,0,0.0,119028.0,158841622500.0,Technology
2026-04-24,TER,118293.0,300,1,0,0,300,0.0,118293.0,0.0,—
2026-04-24,HOOD,117488.0,1400,1,0,0,0,0.0,117488.0,0.0,—
2026-04-24,PLTR,116356.5,810,1,0,0,0,0.0,116356.5,0.0,—
2026-04-24,BRKB,116130.0,245,1,0,0,0,0.0,116130.0,0.0,—
2026-04-24,INFQ,115541.12,8820,1,0,0,0,0.0,115541.12,0.0,—
2026-04-24,WM,113495.0,500,1,0,500,0,1.0,113495.0,0.0,—
2026-04-24,CRWV,110825.0,1000,1,0,0,0,0.0,110825.0,0.0,—
2026-04-24,XME,107959.5,900,1,0,0,0,0.0,107959.5,0.0,—
2026-04-24,NOC,106397.58,186,1,0,186,0,1.0,106397.58,0.0,—
2026-04-24,TFLR,105021.45,2070,1,0,0,0,0.0,105021.45,0.0,—
2026-04-24,UAMY,103680.96,9600,1,0,0,0,0.0,103680.96,0.0,—
2026-04-24,USAR,101222.43,4300,1,0,0,0,0.0,101222.43,0.0,—
2026-04-24,CIEN,100914.0,200,1,0,0,0,0.0,100914.0,0.0,—
2026-04-24,AAOX,100563.6,2172,1,0,0,0,0.0,100563.6,0.0,—
2026-04-24,CLF,100366.94,9380,1,0,0,0,0.0,100366.94,0.0,—
2026-04-24,SMIN,100312.5,1500,1,0,0,0,0.0,100312.5,0.0,—
