ticker,event_ts,option_type,strike,expiration_date,premium,contracts,volume,open_interest,underlying_price,alert_rule,is_sweep,is_floor,is_multileg,ask_side_premium,bid_side_premium,marketcap,dte,execution_side,direction,direction_confidence
IBIT,2026-04-28 16:06:27.586224+00:00,CALL,45.0,2026-07-17,1548100,5650,5824,2739,43.09,REPEATEDHITS,False,False,False,0,1548100,62341420796.0,80,BID,SHORT,0.5
GLD,2026-04-28 16:04:21.631796+00:00,CALL,421.0,2026-05-08,650613,944,4430,51,420.82,REPEATEDHITSASCENDINGFILL,False,False,False,474663,175950,430.921284,10,ASK,LONG,1.0
GLD,2026-04-28 16:02:48.924322+00:00,CALL,421.0,2026-05-08,662160,961,3423,51,420.82,REPEATEDHITSASCENDINGFILL,True,False,False,90840,571320,430.921284,10,BID,SHORT,0.5
UNH,2026-04-28 16:02:42.712975+00:00,CALL,410.0,2026-11-20,607332,297,350,55,366.1,REPEATEDHITSDESCENDINGFILL,False,False,False,590977,16355,321943543335.0,206,ASK,LONG,1.0
CDNS,2026-04-28 16:02:19.885255+00:00,PUT,250.0,2026-06-18,629588,2500,2500,116,319.135,REPEATEDHITSDESCENDINGFILL,False,False,False,0,629588,91757967540.0,51,BID,LONG,0.5
XBI,2026-04-28 16:00:32.744615+00:00,CALL,147.0,2027-01-15,733254,878,893,0,131.52,REPEATEDHITSDESCENDINGFILL,False,False,False,0,709039,132.980992,262,BID,SHORT,0.5
CEG,2026-04-28 16:00:21.329583+00:00,PUT,270.0,2026-08-21,554906,310,313,300,307.8,REPEATEDHITSASCENDINGFILL,False,False,False,0,554906,114088493882.0,115,BID,LONG,0.5
QQQ,2026-04-28 16:00:05.912422+00:00,CALL,654.0,2026-05-08,552643,501,1102,123,654.8,REPEATEDHITSASCENDINGFILL,False,False,False,534963,0,432761748365.0,10,ASK,LONG,1.0
QQQ,2026-04-28 16:00:03.507883+00:00,CALL,654.0,2026-05-08,550500,500,601,123,654.76,REPEATEDHITS,False,False,False,0,550500,432761748365.0,10,BID,SHORT,0.5
GLD,2026-04-28 15:59:56.896023+00:00,CALL,421.0,2026-05-08,638940,926,1349,51,421.04,REPEATEDHITS,True,False,False,690,638250,430.921284,10,BID,SHORT,0.5
QQQ,2026-04-28 15:59:17.053194+00:00,PUT,654.0,2026-05-08,704151,738,13006,261,654.66,REPEATEDHITSDESCENDINGFILL,False,False,False,0,704151,432761748365.0,10,BID,LONG,0.5
QQQ,2026-04-28 15:59:17.053194+00:00,PUT,654.0,2026-05-08,1071265,1127,14308,261,654.66,REPEATEDHITSDESCENDINGFILL,True,False,False,0,1062706,432761748365.0,10,BID,LONG,0.5
QQQ,2026-04-28 15:57:24.723425+00:00,CALL,656.0,2026-04-29,517935,1419,13952,872,654.78,REPEATEDHITS,False,False,False,469755,0,432761748365.0,1,ASK,LONG,1.0
SNDK,2026-04-28 15:56:39.068811+00:00,PUT,910.0,2028-01-21,986440,26,27,9,995.03,REPEATEDHITS,False,False,False,986440,0,157926469880.0,633,ASK,SHORT,1.0
NVDA,2026-04-28 15:51:05.107754+00:00,PUT,197.5,2026-05-15,1576874,5170,5964,1902,209.18,REPEATEDHITSASCENDINGFILL,False,False,False,0,1576874,5263623000000.0,17,BID,LONG,0.5
QQQ,2026-04-28 15:47:04.464968+00:00,CALL,655.0,2026-04-29,737352,1848,11195,754,654.4426,REPEATEDHITS,False,False,False,737352,0,432761748365.0,1,ASK,LONG,1.0
META,2026-04-28 15:44:53.292323+00:00,PUT,667.5,2026-05-15,1941423,680,695,37,669.2,REPEATEDHITS,False,False,False,14230,1927193,1484262563348.0,17,BID,LONG,0.5
NBIS,2026-04-28 15:44:42.477874+00:00,PUT,120.0,2026-08-21,723900,380,405,180,133.495,FLOORTRADELARGECAP,False,True,False,0,723900,28999962073.0,115,BID,LONG,0.5
TSM,2026-04-28 15:44:34.659086+00:00,PUT,387.5,2026-05-15,631575,401,405,44,387.31,REPEATEDHITS,False,False,False,0,631575,2100000000000.0,17,BID,LONG,0.5
QQQ,2026-04-28 15:43:43.593260+00:00,PUT,654.0,2026-05-08,779854,810,10252,261,654.44,REPEATEDHITSDESCENDINGFILL,False,False,False,0,779854,432761748365.0,10,BID,LONG,0.5
AXON,2026-04-28 15:42:35.931050+00:00,PUT,370.0,2026-09-18,586800,120,125,55,402.55,REPEATEDHITS,False,False,False,0,586800,32367299978.0,143,BID,LONG,0.5
BRKB,2026-04-28 15:41:32.877742+00:00,PUT,510.0,2028-12-15,1769000,290,290,231,478.52,REPEATEDHITS,False,False,False,0,1769000,592100194133.0,962,BID,LONG,0.5
SPY,2026-04-28 15:38:09.091175+00:00,PUT,711.0,2026-05-08,1498108,1916,10918,1515,710.09,REPEATEDHITSDESCENDINGFILL,False,False,False,318274,1179834,715.022776,10,BID,LONG,0.5
QQQ,2026-04-28 15:38:04.883892+00:00,PUT,656.0,2026-05-08,1874521,1784,17459,211,654.6,REPEATEDHITSDESCENDINGFILL,True,False,False,15780,1842961,432761748365.0,10,BID,LONG,0.5
AMZN,2026-04-28 15:36:37.182530+00:00,PUT,257.5,2026-05-01,760144,905,1604,708,259.675,REPEATEDHITSDESCENDINGFILL,False,False,False,760144,0,2803102537574.0,3,ASK,SHORT,1.0
SPX,2026-04-28 15:32:28.090382+00:00,CALL,7675.0,2026-06-18,3420000,3600,3600,3353,7117.74,REPEATEDHITS,False,False,False,0,0,,51,MIXED,,0.0
META,2026-04-28 15:32:04.266858+00:00,CALL,662.5,2026-05-01,1647658,597,749,162,667.24,REPEATEDHITSDESCENDINGFILL,False,False,False,1647658,0,1484262563348.0,3,ASK,LONG,1.0
GLD,2026-04-28 15:31:41.038733+00:00,CALL,420.0,2026-05-08,555040,807,2868,94,419.88,REPEATEDHITSDESCENDINGFILL,False,False,False,0,555040,430.921284,10,BID,SHORT,0.5
QQQ,2026-04-28 15:31:21.011843+00:00,PUT,656.0,2026-05-08,540286,500,15184,211,654.12,REPEATEDHITSASCENDINGFILL,False,False,False,335086,205200,432761748365.0,10,ASK,SHORT,1.0
MSFT,2026-04-28 15:30:35.955904+00:00,PUT,427.5,2026-05-01,1114255,703,1207,270,425.645,REPEATEDHITS,False,False,False,1114255,0,3154555744066.0,3,ASK,SHORT,1.0
ADI,2026-04-28 15:29:01.680428+00:00,PUT,420.0,2027-01-15,1053350,152,160,31,384.445,REPEATEDHITS,False,False,False,297980,755370,191664069997.0,262,BID,LONG,0.5
QQQ,2026-04-28 15:29:01.680428+00:00,PUT,656.0,2026-05-08,539347,513,14184,211,654.675,REPEATEDHITSASCENDINGFILL,False,False,False,462671,76676,432761748365.0,10,ASK,SHORT,1.0
QQQ,2026-04-28 15:28:59.275537+00:00,PUT,656.0,2026-05-08,526325,501,13671,211,654.675,REPEATEDHITSASCENDINGFILL,False,False,False,526325,0,432761748365.0,10,ASK,SHORT,1.0
QQQ,2026-04-28 15:28:56.870598+00:00,PUT,656.0,2026-05-08,524343,500,13170,211,654.73,REPEATEDHITSASCENDINGFILL,False,False,False,524343,0,432761748365.0,10,ASK,SHORT,1.0
CRM,2026-04-28 15:28:47.259013+00:00,CALL,185.0,2026-05-08,540295,1114,1331,1036,182.395,REPEATEDHITSASCENDINGFILL,False,False,False,0,540295,166306140000.0,10,BID,SHORT,0.5
COHR,2026-04-28 15:27:48.793214+00:00,CALL,500.0,2026-09-18,920700,450,451,137,298.21,REPEATEDHITS,False,False,False,0,0,60281039874.0,143,MIXED,,0.0
COHR,2026-04-28 15:27:48.793214+00:00,CALL,400.0,2026-09-18,1683900,450,451,48,298.21,REPEATEDHITS,False,False,False,0,0,60281039874.0,143,MIXED,,0.0
WDAY,2026-04-28 15:27:10.353062+00:00,PUT,105.0,2027-01-15,1150654,762,762,73,120.69,REPEATEDHITSASCENDINGFILL,False,False,False,22650,1128004,24744300000.0,262,BID,LONG,0.5
QQQ,2026-04-28 15:26:56.533352+00:00,PUT,656.0,2026-05-08,694536,673,11858,211,654.87,REPEATEDHITS,False,False,False,0,694536,432761748365.0,10,BID,LONG,0.5
QQQ,2026-04-28 15:26:56.533352+00:00,PUT,656.0,2026-05-08,1915232,1843,11155,211,654.94,REPEATEDHITSDESCENDINGFILL,False,False,False,473978,1440212,432761748365.0,10,BID,LONG,0.5
SPY,2026-04-28 15:26:56.533352+00:00,PUT,711.0,2026-05-08,1565419,2000,4924,1515,710.1899,REPEATEDHITSDESCENDINGFILL,False,False,False,0,1565419,715.022776,10,BID,LONG,0.5
QQQ,2026-04-28 15:26:01.241536+00:00,PUT,656.0,2026-05-08,527166,500,9116,211,654.5901,REPEATEDHITSASCENDINGFILL,True,False,False,201480,325686,432761748365.0,10,BID,LONG,0.5
QQQ,2026-04-28 15:25:57.437185+00:00,PUT,656.0,2026-05-08,525500,500,8616,211,654.635,REPEATEDHITS,False,False,False,0,525500,432761748365.0,10,BID,LONG,0.5
CRWV,2026-04-28 15:25:40.802277+00:00,PUT,95.0,2026-05-08,649440,1312,1495,1257,105.65,REPEATEDHITS,False,False,False,11385,633600,46956286757.0,10,BID,LONG,0.5
POET,2026-04-28 15:25:11.158740+00:00,PUT,8.0,2026-10-16,916690,4205,4310,2612,7.775,REPEATEDHITS,False,False,False,916690,0,1051711375.0,171,ASK,SHORT,1.0
CVX,2026-04-28 15:23:03.033383+00:00,CALL,190.0,2026-05-22,803285,1397,1416,650,189.55,REPEATEDHITS,False,False,False,7475,795810,368707339896.0,24,BID,SHORT,0.5
QQQ,2026-04-28 15:22:04.982103+00:00,PUT,656.0,2026-05-08,509500,500,7615,211,655.185,REPEATEDHITS,False,False,False,0,509500,432761748365.0,10,BID,LONG,0.5
FSLR,2026-04-28 15:21:24.135387+00:00,PUT,195.0,2026-12-18,964040,313,314,221,195.125,REPEATEDHITS,False,False,False,0,964040,21191775095.0,234,BID,LONG,0.5
GSK,2026-04-28 15:21:13.720983+00:00,PUT,51.0,2026-05-15,600000,12000,12000,31,54.97,LOWHISTORICVOLUMEFLOOR,False,True,True,0,600000,116991714655.0,17,BID,LONG,0.5
KO,2026-04-28 15:19:37.809231+00:00,PUT,72.5,2026-10-16,251856,1584,1618,497,79.905,REPEATEDHITS,False,False,False,0,251856,324446548325.0,171,BID,LONG,0.5
KO,2026-04-28 14:56:46.272872+00:00,PUT,80.0,2026-05-01,73438,1006,1611,45,80.21,REPEATEDHITS,False,False,False,60444,0,324446548325.0,3,ASK,SHORT,1.0
KO,2026-04-28 14:19:54.877346+00:00,PUT,79.0,2026-05-01,71400,1275,2088,225,79.575,REPEATEDHITS,False,False,False,71344,0,324446548325.0,3,ASK,SHORT,1.0
KO,2026-04-28 13:58:39.778323+00:00,CALL,81.0,2026-05-08,69368,1196,1331,658,79.4398,REPEATEDHITS,False,False,False,69310,58,324446548325.0,10,ASK,LONG,1.0
KO,2026-04-27 16:11:59.274725+00:00,PUT,67.5,2026-12-18,408148,2171,2207,1481,76.11,REPEATEDHITS,False,False,False,0,408148,324446548325.0,235,BID,LONG,0.5
KO,2026-04-24 16:50:16.172045+00:00,PUT,74.0,2026-05-22,230127,2913,2925,74,76.69,REPEATEDHITS,False,False,False,0,230127,324446548325.0,28,BID,LONG,0.5
KO,2026-04-17 17:13:29.187656+00:00,PUT,67.5,2026-07-17,98724,1732,1741,440,75.87,REPEATEDHITS,False,False,False,0,98724,324446548325.0,91,BID,LONG,0.5
KO,2026-04-16 14:36:06.712825+00:00,PUT,75.0,2026-07-17,230775,905,931,737,75.68,REPEATEDHITS,False,False,False,0,230775,324446548325.0,92,BID,LONG,0.5
KO,2026-04-15 15:51:44.994743+00:00,PUT,75.0,2026-10-16,139260,344,361,133,75.265,REPEATEDHITS,True,False,False,139260,0,324446548325.0,184,ASK,SHORT,1.0
KO,2026-04-15 15:35:45.112008+00:00,PUT,65.0,2026-07-17,54810,1015,1048,313,75.17,REPEATEDHITS,False,False,False,0,54810,324446548325.0,93,BID,LONG,0.5
KO,2026-04-13 13:35:08.712740+00:00,CALL,90.0,2026-09-18,82125,1405,1439,1369,76.96,REPEATEDHITSASCENDINGFILL,False,False,False,82125,0,324446548325.0,158,ASK,LONG,1.0
KO,2026-04-10 15:10:04.224663+00:00,CALL,79.0,2026-05-01,185328,1584,1606,603,77.87,REPEATEDHITS,False,False,False,185328,0,324446548325.0,21,ASK,LONG,1.0
KO,2026-04-09 15:23:40.779825+00:00,CALL,77.0,2026-05-01,811840,3776,4161,238,77.63,REPEATEDHITS,False,False,False,703695,108145,324446548325.0,22,ASK,LONG,1.0
KO,2026-04-09 14:28:38.721041+00:00,PUT,70.0,2026-07-17,96538,1027,2402,910,77.805,REPEATEDHITS,False,False,False,0,96538,324446548325.0,99,BID,LONG,0.5
KO,2026-04-07 16:52:49.950199+00:00,PUT,72.5,2026-10-16,66491,218,242,176,76.14,REPEATEDHITS,True,False,False,0,66491,324446548325.0,192,BID,LONG,0.5
KO,2026-04-07 14:35:21.599320+00:00,PUT,67.5,2027-03-19,53389,203,263,70,77.06,REPEATEDHITS,False,False,False,0,53389,324446548325.0,346,BID,LONG,0.5
KO,2026-04-02 14:50:36.077666+00:00,CALL,79.0,2026-04-17,88790,2073,2077,1383,76.865,REPEATEDHITSDESCENDINGFILL,False,False,False,5148,79274,324446548325.0,15,BID,SHORT,0.5
KO,2026-03-30 16:17:24.261425+00:00,PUT,77.0,2026-04-17,50076,321,358,37,76.78,REPEATEDHITS,False,False,False,50076,0,324446548325.0,18,ASK,SHORT,1.0
SPOT,2026-04-28 16:04:45.251474+00:00,CALL,450.0,2026-05-15,93665,86,672,64,431.02,REPEATEDHITSASCENDINGFILL,False,False,False,93665,0,102055883537.0,17,ASK,LONG,1.0
SPOT,2026-04-28 15:49:37.415540+00:00,PUT,380.0,2026-08-21,95030,43,86,13,430.165,REPEATEDHITS,False,False,False,22100,0,102055883537.0,115,ASK,SHORT,1.0
SPOT,2026-04-28 14:45:33.098320+00:00,CALL,457.5,2026-05-01,52480,205,273,0,431.1825,REPEATEDHITS,False,False,False,0,52480,102055883537.0,3,BID,SHORT,0.5
SPOT,2026-04-28 14:35:48.452161+00:00,CALL,430.0,2026-05-15,97510,38,142,35,441.28,REPEATEDHITSASCENDINGFILL,True,False,False,48890,48620,102055883537.0,17,ASK,LONG,1.0
SPOT,2026-04-28 14:32:02.533913+00:00,CALL,440.0,2026-06-18,194545,61,301,52,439.0901,REPEATEDHITS,False,False,False,101620,92925,102055883537.0,51,ASK,LONG,1.0
SPOT,2026-04-28 14:26:34.291761+00:00,CALL,460.0,2026-05-15,84790,74,219,70,442.235,REPEATEDHITSASCENDINGFILL,False,False,False,20670,0,102055883537.0,17,ASK,LONG,1.0
SPOT,2026-04-28 14:16:43.057332+00:00,CALL,450.0,2026-05-15,92640,68,448,64,437.86,REPEATEDHITSASCENDINGFILL,False,False,False,92640,0,102055883537.0,17,ASK,LONG,1.0
SPOT,2026-04-28 14:14:26.437488+00:00,PUT,497.5,2026-05-15,86324,14,31,0,437.74,REPEATEDHITS,False,False,False,86324,0,102055883537.0,17,ASK,SHORT,1.0
SPOT,2026-04-28 14:12:43.515386+00:00,PUT,430.0,2026-06-18,459315,177,199,168,440.795,REPEATEDHITS,True,False,False,0,459315,102055883537.0,51,BID,LONG,0.5
SPOT,2026-04-28 14:12:43.515386+00:00,CALL,440.0,2026-06-18,648223,201,207,52,440.795,REPEATEDHITS,True,False,False,612748,35475,102055883537.0,51,ASK,LONG,1.0
SPOT,2026-04-28 14:12:43.515386+00:00,CALL,430.0,2026-06-18,2283160,608,636,21,441.045,REPEATEDHITSASCENDINGFILL,True,False,False,2271775,11385,102055883537.0,51,ASK,LONG,1.0
SPOT,2026-04-28 13:59:58.692984+00:00,CALL,530.0,2026-08-21,462710,291,293,53,427.0,REPEATEDHITSASCENDINGFILL,False,False,False,0,462710,102055883537.0,115,BID,SHORT,0.5
SPOT,2026-04-28 13:37:19.135113+00:00,PUT,390.0,2026-05-08,63525,129,130,35,421.1,REPEATEDHITS,True,False,False,31185,32340,102055883537.0,10,BID,LONG,0.5
SPOT,2026-04-28 13:36:45.262793+00:00,CALL,510.0,2026-10-16,306545,112,112,5,425.34,REPEATEDHITSDESCENDINGFILL,True,False,False,138495,162580,102055883537.0,171,BID,SHORT,0.5
SPOT,2026-04-27 19:20:36.538368+00:00,CALL,500.0,2026-05-01,360000,150,404,64,497.755,REPEATEDHITS,True,False,False,0,360000,102055883537.0,4,BID,SHORT,0.5
SPOT,2026-04-27 16:08:52.664814+00:00,CALL,520.0,2028-01-21,843260,62,62,9,508.48,REPEATEDHITS,False,False,False,149660,95200,102055883537.0,634,ASK,LONG,1.0
SPOT,2026-04-27 14:43:20.009212+00:00,CALL,550.0,2026-07-17,404015,113,119,76,515.87,REPEATEDHITSDESCENDINGFILL,False,False,False,218130,185885,102055883537.0,81,ASK,LONG,1.0
SPOT,2026-04-24 17:59:38.599559+00:00,PUT,510.0,2026-06-18,80640,21,65,5,518.08,REPEATEDHITS,False,False,False,0,80640,102055883537.0,55,BID,LONG,0.5
SPOT,2026-04-24 17:54:19.272555+00:00,CALL,510.0,2026-06-18,112240,23,26,13,518.16,REPEATEDHITS,False,False,False,4880,107360,102055883537.0,55,BID,SHORT,0.5
SPOT,2026-04-24 14:46:25.051817+00:00,CALL,505.0,2026-05-22,68940,18,18,1,509.475,REPEATEDHITS,False,False,False,68940,0,102055883537.0,28,ASK,LONG,1.0
SPOT,2026-04-23 17:35:09.798728+00:00,CALL,690.0,2026-09-18,387795,251,257,57,505.73,REPEATEDHITS,False,False,False,387795,0,102055883537.0,148,ASK,LONG,1.0
SPOT,2026-04-23 17:13:24.173259+00:00,PUT,520.0,2027-06-17,326840,33,66,13,505.485,REPEATEDHITSASCENDINGFILL,False,False,False,19930,306910,102055883537.0,420,BID,LONG,0.5
SPOT,2026-04-23 15:29:02.036048+00:00,PUT,480.0,2026-05-22,78010,35,1855,7,509.04,REPEATEDHITSASCENDINGFILL,False,False,False,55710,22300,102055883537.0,29,ASK,SHORT,1.0
SPOT,2026-04-23 15:28:48.416027+00:00,PUT,480.0,2026-05-22,66650,30,1712,7,509.18,REPEATEDHITS,False,False,False,2225,64425,102055883537.0,29,BID,LONG,0.5
SPOT,2026-04-23 15:28:20.386917+00:00,PUT,480.0,2026-05-22,142000,64,1650,7,509.36,REPEATEDHITSDESCENDINGFILL,False,False,False,0,142000,102055883537.0,29,BID,LONG,0.5
SPOT,2026-04-23 15:27:29.534017+00:00,PUT,480.0,2026-05-22,86405,39,1403,7,508.99,REPEATEDHITSDESCENDINGFILL,False,False,False,15515,68665,102055883537.0,29,BID,LONG,0.5
SPOT,2026-04-22 19:35:21.556530+00:00,CALL,460.0,2026-05-29,103810,14,35,0,518.33,REPEATEDHITS,True,False,False,7415,96395,102055883537.0,37,BID,SHORT,0.5
SPOT,2026-04-22 19:21:19.441705+00:00,PUT,510.0,2026-04-24,53025,105,638,94,517.72,REPEATEDHITS,False,False,False,0,53025,102055883537.0,2,BID,LONG,0.5
SPOT,2026-04-22 17:16:47.212297+00:00,PUT,512.5,2026-04-24,59357,111,119,4,519.55,REPEATEDHITSASCENDINGFILL,False,False,False,59357,0,102055883537.0,2,ASK,SHORT,1.0
SPOT,2026-04-22 17:16:47.212297+00:00,PUT,527.5,2026-04-24,123500,95,102,32,519.55,REPEATEDHITS,False,False,False,123500,0,102055883537.0,2,ASK,SHORT,1.0
OGN,2026-04-27 17:39:11.083944+00:00,PUT,11.0,2026-12-18,20000,1000,5592,0,13.185,REPEATEDHITS,False,False,False,19800,0,3425753954.0,235,ASK,SHORT,1.0
OGN,2026-04-27 17:34:38.612925+00:00,PUT,11.0,2026-12-18,30000,1500,4592,0,13.185,REPEATEDHITS,False,False,False,30000,0,3425753954.0,235,ASK,SHORT,1.0
OGN,2026-04-27 17:31:33.442347+00:00,PUT,11.0,2026-12-18,14379,719,2855,0,13.1845,REPEATEDHITS,False,False,False,14379,0,3425753954.0,235,ASK,SHORT,1.0
OGN,2026-04-27 15:59:48.456123+00:00,CALL,12.5,2027-12-17,10660,82,385,45,13.175,REPEATEDHITS,True,False,False,8320,520,3425753954.0,599,ASK,LONG,1.0
OGN,2026-04-24 15:40:42.768665+00:00,CALL,13.0,2026-05-15,20900,418,3024,226,10.52,REPEATEDHITS,False,False,False,0,20900,3425753954.0,21,BID,SHORT,0.5
OGN,2026-04-24 14:59:38.460701+00:00,CALL,13.0,2026-05-15,28845,641,1993,226,9.955,REPEATEDHITS,False,False,False,0,28845,3425753954.0,21,BID,SHORT,0.5
OGN,2026-04-24 14:13:43.637495+00:00,CALL,13.0,2026-05-15,37806,847,1205,226,10.31,REPEATEDHITSASCENDINGFILL,True,False,False,34881,2925,3425753954.0,21,ASK,LONG,1.0
OGN,2026-04-24 13:32:52.374124+00:00,PUT,9.0,2026-10-16,10000,100,100,5,10.82,REPEATEDHITS,False,False,False,6500,3500,3425753954.0,175,ASK,SHORT,1.0
OGN,2026-04-10 19:27:08.863904+00:00,CALL,9.0,2026-05-15,27120,226,10921,59,8.815,REPEATEDHITS,False,False,False,120,7800,3425753954.0,35,BID,SHORT,0.5
OGN,2026-04-10 19:27:08.863904+00:00,CALL,9.0,2026-05-15,33960,283,11204,59,8.815,REPEATEDHITS,False,False,False,33960,0,3425753954.0,35,ASK,LONG,1.0
OGN,2026-04-10 19:27:03.254216+00:00,CALL,9.0,2026-05-15,25959,236,10640,59,8.815,REPEATEDHITS,False,False,False,22659,3300,3425753954.0,35,ASK,LONG,1.0
OGN,2026-04-10 18:20:13.262969+00:00,CALL,9.0,2026-05-15,48510,462,10370,59,8.55,REPEATEDHITS,False,False,False,35175,13335,3425753954.0,35,ASK,LONG,1.0
OGN,2026-04-10 16:31:44.292989+00:00,CALL,9.0,2026-05-15,84900,849,9571,59,8.465,REPEATEDHITS,False,False,False,0,84900,3425753954.0,35,BID,SHORT,0.5
OGN,2026-04-10 16:23:42.091505+00:00,CALL,9.0,2026-05-15,35200,352,8233,59,8.515,REPEATEDHITS,False,False,False,8500,17600,3425753954.0,35,BID,SHORT,0.5
OGN,2026-04-10 16:22:04.931423+00:00,CALL,12.0,2026-05-15,10000,500,1656,3,8.5597,REPEATEDHITS,False,False,False,0,10000,3425753954.0,35,BID,SHORT,0.5
OGN,2026-04-10 16:21:01.638748+00:00,CALL,9.0,2026-05-15,39270,357,7846,59,8.54,REPEATEDHITS,False,False,False,38060,1210,3425753954.0,35,ASK,LONG,1.0
OGN,2026-04-10 16:00:48.010576+00:00,CALL,9.0,2026-05-15,25849,235,7350,59,8.675,REPEATEDHITS,False,False,False,25849,0,3425753954.0,35,ASK,LONG,1.0
OGN,2026-04-10 15:43:07.360105+00:00,CALL,9.0,2026-05-15,39005,400,4330,59,8.555,REPEATEDHITSDESCENDINGFILL,True,False,False,4180,34730,3425753954.0,35,BID,SHORT,0.5
OGN,2026-04-10 14:53:00.254467+00:00,CALL,9.0,2026-05-15,22320,186,3599,59,8.855,REPEATEDHITS,False,False,False,5160,8160,3425753954.0,35,BID,SHORT,0.5
OGN,2026-04-10 14:32:27.902985+00:00,CALL,9.0,2026-05-15,17957,150,3326,59,8.61,REPEATEDHITSASCENDINGFILL,True,False,False,17957,0,3425753954.0,35,ASK,LONG,1.0
OGN,2026-04-10 14:12:42.235581+00:00,CALL,9.0,2026-05-15,27180,302,2769,59,8.64,REPEATEDHITS,False,False,False,6390,0,3425753954.0,35,ASK,LONG,1.0
OGN,2026-04-10 14:05:04.629210+00:00,CALL,9.0,2026-05-15,37310,439,2408,59,8.52,REPEATEDHITSASCENDINGFILL,False,False,False,37310,0,3425753954.0,35,ASK,LONG,1.0
OGN,2026-04-10 14:05:03.625277+00:00,CALL,9.0,2026-05-15,65074,766,1638,59,8.49,REPEATEDHITSASCENDINGFILL,True,False,False,64515,559,3425753954.0,35,ASK,LONG,1.0
OGN,2026-04-10 13:45:24.581651+00:00,CALL,9.0,2026-05-15,16745,197,439,59,8.35,REPEATEDHITS,True,False,False,16745,0,3425753954.0,35,ASK,LONG,1.0
OGN,2026-04-01 19:16:06.974698+00:00,CALL,6.0,2026-05-15,28854,444,2886,173,6.12,REPEATEDHITS,True,False,False,28854,0,3425753954.0,44,ASK,LONG,1.0
OGN,2026-04-01 17:38:06.737017+00:00,CALL,6.0,2026-05-15,94550,1576,2429,173,6.09,REPEATEDHITS,True,False,False,94550,0,3425753954.0,44,ASK,LONG,1.0
OGN,2026-04-01 17:38:04.312089+00:00,CALL,6.0,2026-05-15,46860,852,852,173,6.04,REPEATEDHITS,True,False,False,46860,0,3425753954.0,44,ASK,LONG,1.0
ERAS,2026-04-28 14:24:57.505971+00:00,PUT,10.0,2028-01-21,43860,102,116,0,9.46,REPEATEDHITS,False,False,False,860,43000,5951811325.0,633,BID,LONG,0.5
ERAS,2026-04-28 14:24:35.873487+00:00,CALL,22.5,2027-01-15,76186,1089,1092,46,9.495,REPEATEDHITS,True,False,False,38526,33320,5951811325.0,262,ASK,LONG,1.0
ERAS,2026-04-27 14:28:35.059368+00:00,CALL,30.0,2026-05-15,625000,5000,5004,70,20.21,LOWHISTORICVOLUMEFLOOR,False,True,False,0,625000,5951811325.0,18,BID,SHORT,0.5
ERAS,2026-04-22 19:10:59.518084+00:00,PUT,20.0,2026-06-18,41050,82,189,77,21.775,REPEATEDHITS,False,False,False,0,41050,5951811325.0,57,BID,LONG,0.5
ERAS,2026-04-22 18:51:06.388849+00:00,PUT,20.0,2026-06-18,43350,85,86,77,21.965,REPEATEDHITS,False,False,False,29070,14280,5951811325.0,57,ASK,SHORT,1.0
ERAS,2026-04-21 18:21:31.541037+00:00,CALL,20.0,2027-01-15,441980,451,956,5,22.365,REPEATEDHITS,False,False,False,0,0,5951811325.0,269,MIXED,,0.0
ERAS,2026-04-21 18:20:15.870055+00:00,CALL,20.0,2027-01-15,248953,254,455,5,22.365,REPEATEDHITSASCENDINGFILL,True,False,False,980,197993,5951811325.0,269,BID,SHORT,0.5
ERAS,2026-04-21 18:05:44.958709+00:00,CALL,20.0,2027-01-15,198000,198,201,5,22.49,REPEATEDHITS,True,False,False,0,145000,5951811325.0,269,BID,SHORT,0.5
ERAS,2026-04-21 17:54:15.084052+00:00,CALL,20.0,2028-01-21,179550,135,205,7,22.64,REPEATEDHITS,True,False,False,0,179550,5951811325.0,640,BID,SHORT,0.5
ERAS,2026-04-21 17:53:22.238632+00:00,CALL,20.0,2028-01-21,66750,50,60,7,22.74,REPEATEDHITS,False,False,False,0,20025,5951811325.0,640,BID,SHORT,0.5
ERAS,2026-04-21 15:09:41.260184+00:00,PUT,20.0,2026-05-15,146641,376,1485,63,21.95,REPEATEDHITS,True,False,False,4680,141961,5951811325.0,24,BID,LONG,0.5
ERAS,2026-04-21 14:10:14.877903+00:00,PUT,20.0,2026-05-15,342792,857,882,63,21.2,REPEATEDHITSDESCENDINGFILL,False,False,False,319192,23600,5951811325.0,24,ASK,SHORT,1.0
ERAS,2026-04-20 19:36:46.957488+00:00,CALL,35.0,2026-07-17,10440,29,289,1,21.475,REPEATEDHITS,False,False,False,5040,0,5951811325.0,88,ASK,LONG,1.0
ERAS,2026-04-20 18:01:12.657734+00:00,PUT,12.5,2026-06-18,93610,407,481,225,20.91,REPEATEDHITS,False,False,False,87860,5750,5951811325.0,59,ASK,SHORT,1.0
ERAS,2026-04-15 19:25:21.932788+00:00,CALL,20.0,2026-05-15,83250,450,4645,311,18.0975,REPEATEDHITS,True,False,False,5920,77330,5951811325.0,30,BID,SHORT,0.5
ERAS,2026-04-15 17:42:03.976110+00:00,PUT,15.0,2026-12-18,12500,25,2870,0,18.39,REPEATEDHITS,False,False,False,10500,0,5951811325.0,247,ASK,SHORT,1.0
ERAS,2026-04-15 17:22:23.186094+00:00,PUT,15.0,2026-12-18,51000,102,2838,0,18.325,REPEATEDHITS,False,False,False,49500,0,5951811325.0,247,ASK,SHORT,1.0
ERAS,2026-04-15 17:09:10.434640+00:00,PUT,15.0,2026-12-18,312000,624,2736,0,18.38,REPEATEDHITS,False,False,False,0,312000,5951811325.0,247,BID,LONG,0.5
ERAS,2026-04-15 17:09:03.424434+00:00,PUT,15.0,2026-12-18,25000,50,2002,0,18.37,REPEATEDHITS,False,False,False,25000,0,5951811325.0,247,ASK,SHORT,1.0
ERAS,2026-04-15 17:07:53.729428+00:00,PUT,15.0,2026-12-18,112950,224,1900,0,18.34,REPEATEDHITSDESCENDINGFILL,False,False,False,3000,106950,5951811325.0,247,BID,LONG,0.5
ERAS,2026-04-15 17:02:42.950687+00:00,PUT,15.0,2026-12-18,20280,39,1676,0,18.3,REPEATEDHITS,False,False,False,13000,0,5951811325.0,247,ASK,SHORT,1.0
ERAS,2026-04-15 16:49:27.245528+00:00,PUT,15.0,2026-12-18,131000,262,1637,0,18.24,REPEATEDHITS,False,False,False,131000,0,5951811325.0,247,ASK,SHORT,1.0
ERAS,2026-04-15 16:31:46.818560+00:00,PUT,15.0,2026-12-18,22500,45,1362,0,18.46,REPEATEDHITS,False,False,False,0,0,5951811325.0,247,MIXED,,0.0
ERAS,2026-04-15 16:13:26.580922+00:00,PUT,15.0,2026-12-18,122500,245,1208,0,18.08,REPEATEDHITS,False,False,False,15000,0,5951811325.0,247,ASK,SHORT,1.0
ERAS,2026-04-15 16:13:26.580922+00:00,PUT,15.0,2026-12-18,44000,88,1303,0,18.08,REPEATEDHITS,False,False,False,0,44000,5951811325.0,247,BID,LONG,0.5
ERAS,2026-04-15 14:54:24.468084+00:00,PUT,15.0,2026-12-18,45500,91,913,0,17.99,REPEATEDHITS,False,False,False,45500,0,5951811325.0,247,ASK,SHORT,1.0
ERAS,2026-04-15 14:41:45.491741+00:00,PUT,15.0,2026-12-18,92820,182,822,0,18.29,REPEATEDHITS,False,False,False,0,92820,5951811325.0,247,BID,LONG,0.5
ERAS,2026-04-15 14:23:02.789323+00:00,PUT,15.0,2026-12-18,107610,211,546,0,18.39,REPEATEDHITS,False,False,False,0,107610,5951811325.0,247,BID,LONG,0.5
ERAS,2026-04-15 14:21:40.637546+00:00,PUT,15.0,2026-12-18,29580,58,333,0,18.47,REPEATEDHITS,False,False,False,29580,0,5951811325.0,247,ASK,SHORT,1.0
ERAS,2026-04-15 14:17:24.711565+00:00,CALL,30.0,2027-01-15,10640,19,95,0,18.667,REPEATEDHITS,True,False,False,2240,5040,5951811325.0,275,BID,SHORT,0.5
CNC,2026-04-28 15:28:26.836912+00:00,PUT,22.5,2026-12-18,23590,674,737,293,47.225,REPEATEDHITS,False,False,False,23590,0,21480169500.0,234,ASK,SHORT,1.0
CNC,2026-04-28 13:45:25.422535+00:00,PUT,47.5,2026-06-18,202100,499,499,67,45.32,REPEATEDHITS,False,False,False,18630,178610,21480169500.0,51,BID,LONG,0.5
CNC,2026-04-27 19:38:37.585278+00:00,PUT,42.0,2026-05-01,22797,150,194,107,43.67,REPEATEDHITSDESCENDINGFILL,False,False,False,15352,7445,21480169500.0,4,ASK,SHORT,1.0
CNC,2026-04-27 18:50:11.197668+00:00,CALL,47.0,2026-05-01,10920,105,177,54,43.74,REPEATEDHITS,False,False,False,10816,104,21480169500.0,4,ASK,LONG,1.0
CNC,2026-04-27 18:01:53.003287+00:00,CALL,60.0,2026-12-18,58500,250,252,62,43.09,REPEATEDHITS,False,False,False,58500,0,21480169500.0,235,ASK,LONG,1.0
CNC,2026-04-27 16:32:17.857162+00:00,CALL,46.0,2026-05-01,10509,93,100,77,43.405,REPEATEDHITS,False,False,False,10509,0,21480169500.0,4,ASK,LONG,1.0
CNC,2026-04-27 16:31:15.003094+00:00,PUT,41.0,2026-05-01,12345,107,113,58,43.44,REPEATEDHITSDESCENDINGFILL,False,False,False,6596,229,21480169500.0,4,ASK,SHORT,1.0
CNC,2026-04-27 16:31:15.003094+00:00,PUT,41.0,2026-05-01,14963,129,242,58,43.44,REPEATEDHITS,False,False,False,14963,0,21480169500.0,4,ASK,SHORT,1.0
CNC,2026-04-27 14:12:19.806722+00:00,CALL,45.5,2026-05-01,22360,215,220,52,42.73,REPEATEDHITS,False,False,False,22360,0,21480169500.0,4,ASK,LONG,1.0
CNC,2026-04-23 19:35:19.849962+00:00,CALL,40.0,2027-03-19,826450,929,930,16,40.85,REPEATEDHITSDESCENDINGFILL,False,False,False,706650,119800,21480169500.0,330,ASK,LONG,1.0
CNC,2026-04-22 19:06:41.400154+00:00,PUT,34.5,2026-05-15,21640,267,315,0,38.84,REPEATEDHITSASCENDINGFILL,False,False,False,0,21640,21480169500.0,23,BID,LONG,0.5
CNC,2026-04-22 18:37:02.936182+00:00,CALL,39.5,2026-04-24,30750,1000,1255,286,38.51,REPEATEDHITSDESCENDINGFILL,False,False,False,30750,0,21480169500.0,2,ASK,LONG,1.0
CNC,2026-04-21 13:55:06.867805+00:00,CALL,44.0,2026-05-01,18496,272,467,23,39.71,REPEATEDHITS,False,False,False,17816,680,21480169500.0,10,ASK,LONG,1.0
CNC,2026-04-20 15:56:49.652409+00:00,CALL,39.0,2026-04-24,13756,181,2686,136,38.68,REPEATEDHITS,False,False,False,11476,1596,21480169500.0,4,ASK,LONG,1.0
CNC,2026-04-17 17:54:36.395848+00:00,PUT,38.5,2026-05-01,15836,74,74,0,38.21,REPEATEDHITS,True,False,False,15836,0,21480169500.0,14,ASK,SHORT,1.0
CNC,2026-04-17 15:01:06.983646+00:00,CALL,37.0,2026-05-08,39600,120,120,21,38.895,REPEATEDHITS,True,False,False,0,39600,21480169500.0,21,BID,SHORT,0.5
CNC,2026-04-15 18:38:43.496136+00:00,PUT,42.5,2026-07-17,30590,46,46,0,37.29,REPEATEDHITS,False,False,False,0,30590,21480169500.0,93,BID,LONG,0.5
CNC,2026-04-08 14:29:32.843059+00:00,PUT,36.0,2026-04-17,13850,171,171,116,36.895,REPEATEDHITS,True,False,False,13770,80,21480169500.0,9,ASK,SHORT,1.0
CNC,2026-04-07 16:02:51.526919+00:00,CALL,37.5,2026-04-24,64380,555,555,1,36.32,REPEATEDHITS,False,False,False,64380,0,21480169500.0,17,ASK,LONG,1.0
CNC,2026-04-07 15:20:42.861270+00:00,CALL,36.0,2026-05-01,61423,239,239,147,36.19,REPEATEDHITS,True,False,False,61423,0,21480169500.0,24,ASK,LONG,1.0
CNC,2026-04-07 14:25:37.980614+00:00,CALL,35.0,2026-05-15,354890,1092,1137,426,35.86,REPEATEDHITSDESCENDINGFILL,True,False,False,354890,0,21480169500.0,38,ASK,LONG,1.0
CNC,2026-04-06 19:24:30.139810+00:00,CALL,33.0,2026-05-08,16985,43,43,0,35.345,REPEATEDHITS,True,False,False,0,16985,21480169500.0,32,BID,SHORT,0.5
CNC,2026-04-06 14:53:39.581207+00:00,PUT,35.0,2026-05-15,246648,1032,1044,549,35.65,REPEATEDHITS,False,False,False,246409,239,21480169500.0,39,ASK,SHORT,1.0
CNC,2026-04-06 14:47:41.105817+00:00,PUT,30.0,2026-05-15,79632,1008,2135,462,35.59,REPEATEDHITS,True,False,False,10507,69125,21480169500.0,39,BID,LONG,0.5
CNC,2026-04-02 16:44:12.351725+00:00,CALL,36.0,2026-04-24,66990,462,462,209,35.02,REPEATEDHITS,False,False,False,61045,5945,21480169500.0,22,ASK,LONG,1.0
CNC,2026-04-01 19:38:44.712058+00:00,CALL,37.0,2026-04-17,10200,200,264,5,34.0,REPEATEDHITS,False,False,False,10200,0,21480169500.0,16,ASK,LONG,1.0
CNC,2026-03-31 19:08:45.758366+00:00,PUT,30.5,2026-04-17,20075,275,327,83,32.73,REPEATEDHITS,False,False,False,20075,0,21480169500.0,17,ASK,SHORT,1.0
CNC,2026-03-31 18:09:14.535288+00:00,PUT,32.0,2026-04-24,14787,93,93,18,32.47,REPEATEDHITS,False,False,False,14787,0,21480169500.0,24,ASK,SHORT,1.0
CNC,2026-03-31 14:19:47.142752+00:00,CALL,35.5,2026-04-17,13107,257,314,92,32.205,REPEATEDHITS,False,False,False,11730,0,21480169500.0,17,ASK,LONG,1.0
CNC,2026-03-30 18:28:56.709010+00:00,PUT,29.0,2026-04-17,11970,190,190,26,31.85,REPEATEDHITS,False,False,False,11970,0,21480169500.0,18,ASK,SHORT,1.0
RMBS,2026-04-28 15:18:36.943692+00:00,PUT,75.0,2026-11-20,120000,150,153,1,106.0,REPEATEDHITS,False,False,False,120000,0,15231908339.0,206,ASK,SHORT,1.0
RMBS,2026-04-28 15:18:35.939682+00:00,PUT,85.0,2026-08-21,116250,155,164,35,105.89,REPEATEDHITS,False,False,False,116250,0,15231908339.0,115,ASK,SHORT,1.0
RMBS,2026-04-28 15:06:59.919542+00:00,PUT,95.0,2026-06-18,40669,69,120,61,107.0,REPEATEDHITSASCENDINGFILL,True,False,False,40669,0,15231908339.0,51,ASK,SHORT,1.0
RMBS,2026-04-28 15:05:59.430380+00:00,PUT,75.0,2026-08-21,15050,35,117,20,107.3,REPEATEDHITS,False,False,False,0,15050,15231908339.0,115,BID,LONG,0.5
RMBS,2026-04-28 15:05:52.622103+00:00,PUT,75.0,2026-08-21,32250,75,82,20,107.25,REPEATEDHITS,False,False,False,11610,0,15231908339.0,115,ASK,SHORT,1.0
RMBS,2026-04-28 14:42:41.583737+00:00,PUT,105.0,2026-05-15,114000,200,397,129,107.63,FLOORTRADELARGECAP,False,True,False,0,114000,15231908339.0,17,BID,LONG,0.5
RMBS,2026-04-27 19:35:39.611125+00:00,PUT,110.0,2026-05-15,37240,133,302,131,142.06,REPEATEDHITS,False,False,False,0,37240,15231908339.0,18,BID,LONG,0.5
RMBS,2026-04-27 18:30:15.624802+00:00,PUT,115.0,2026-05-15,54318,143,416,79,142.66,REPEATEDHITSASCENDINGFILL,False,False,False,54318,0,15231908339.0,18,ASK,SHORT,1.0
RMBS,2026-04-27 18:30:04.209195+00:00,PUT,115.0,2026-05-15,49209,133,219,79,142.65,REPEATEDHITS,False,False,False,47359,1850,15231908339.0,18,ASK,SHORT,1.0
RMBS,2026-04-27 14:53:34.738057+00:00,PUT,97.5,2026-05-15,70510,641,828,66,145.11,REPEATEDHITS,False,False,False,0,70510,15231908339.0,18,BID,LONG,0.5
RMBS,2026-04-27 13:51:20.069584+00:00,PUT,125.0,2026-05-15,54870,93,103,42,145.375,REPEATEDHITS,True,False,False,25960,24780,15231908339.0,18,ASK,SHORT,1.0
RMBS,2026-04-24 19:44:28.389312+00:00,CALL,200.0,2026-06-18,17950,21,133,0,158.99,REPEATEDHITSDESCENDINGFILL,False,False,False,0,17950,15231908339.0,55,BID,SHORT,0.5
RMBS,2026-04-24 18:36:02.430765+00:00,PUT,65.0,2026-11-20,54463,242,245,99,159.75,REPEATEDHITSASCENDINGFILL,False,False,False,0,54463,15231908339.0,210,BID,LONG,0.5
RMBS,2026-04-24 16:45:55.107718+00:00,CALL,200.0,2026-11-20,100030,41,51,0,157.52,REPEATEDHITS,False,False,False,82960,17070,15231908339.0,210,ASK,LONG,1.0
RMBS,2026-04-24 16:45:55.107718+00:00,CALL,195.0,2026-11-20,41590,16,16,0,157.52,REPEATEDHITS,False,False,False,39000,2590,15231908339.0,210,ASK,LONG,1.0
RMBS,2026-04-24 16:45:55.107718+00:00,CALL,190.0,2026-11-20,96244,35,35,0,157.52,REPEATEDHITS,False,False,False,96244,0,15231908339.0,210,ASK,LONG,1.0
RMBS,2026-04-24 14:13:35.818565+00:00,PUT,150.0,2027-01-15,20700,6,10,2,150.215,REPEATEDHITS,False,False,False,6900,6900,15231908339.0,266,MIXED,,0.0
RMBS,2026-04-21 14:40:49.506417+00:00,PUT,135.0,2026-06-18,39379,22,24,1,132.26,REPEATEDHITS,False,False,False,39379,0,15231908339.0,58,ASK,SHORT,1.0
RMBS,2026-04-21 14:28:12.185353+00:00,CALL,190.0,2026-05-15,33000,300,373,286,132.24,REPEATEDHITS,False,False,False,33000,0,15231908339.0,24,ASK,LONG,1.0
RMBS,2026-04-10 15:09:17.540803+00:00,CALL,125.0,2026-05-15,152750,235,245,163,111.13,REPEATEDHITS,False,False,False,21450,98800,15231908339.0,35,BID,SHORT,0.5
RMBS,2026-04-09 16:10:19.585306+00:00,CALL,120.0,2026-05-15,110000,250,253,188,101.33,REPEATEDHITS,False,False,False,0,110000,15231908339.0,36,BID,SHORT,0.5
RMBS,2026-04-08 16:31:13.866875+00:00,CALL,105.0,2026-04-17,107300,370,889,225,101.18,REPEATEDHITS,True,False,False,52200,39150,15231908339.0,9,ASK,LONG,1.0
RMBS,2026-04-08 16:30:57.245138+00:00,CALL,105.0,2026-04-17,68310,253,386,225,101.12,REPEATEDHITS,False,False,False,7290,61020,15231908339.0,9,BID,SHORT,0.5
PAGS,2026-04-28 14:06:46.499880+00:00,CALL,12.0,2028-01-21,10810,47,47,38,10.155,REPEATEDHITS,False,False,False,0,10810,2143776389.0,633,BID,SHORT,0.5
PAGS,2026-04-16 16:26:57.598429+00:00,PUT,9.0,2026-11-20,21300,250,250,1,11.5355,REPEATEDHITS,False,False,False,0,21300,2143776389.0,218,BID,LONG,0.5
PAGS,2026-04-01 17:29:20.913198+00:00,CALL,11.0,2026-08-21,38755,337,401,95,10.68,REPEATEDHITS,False,False,False,36915,1840,2143776389.0,142,ASK,LONG,1.0
ARRY,2026-04-15 13:53:28.999959+00:00,CALL,13.0,2026-07-17,65092,2187,2188,135,8.02,REPEATEDHITSASCENDINGFILL,True,False,False,63502,1590,1218206466.0,93,ASK,LONG,1.0
BBIO,2026-04-28 14:17:19.104003+00:00,CALL,85.0,2026-07-17,99520,127,127,94,82.5,REPEATEDHITSDESCENDINGFILL,True,False,False,99520,0,14446661147.0,80,ASK,LONG,1.0
BBIO,2026-04-24 17:23:55.534862+00:00,PUT,70.0,2028-01-21,59400,36,44,0,73.74,REPEATEDHITS,False,False,False,1650,57750,14446661147.0,637,BID,LONG,0.5
BBIO,2026-04-24 15:12:51.152454+00:00,PUT,67.5,2026-05-15,24360,87,89,45,72.05,REPEATEDHITS,False,False,False,24360,0,14446661147.0,21,ASK,SHORT,1.0
BBIO,2026-04-15 14:19:01.904388+00:00,CALL,95.0,2026-07-17,29325,115,1167,15,76.91,REPEATEDHITS,True,False,False,0,29325,14446661147.0,93,BID,SHORT,0.5
BBIO,2026-04-15 14:19:01.904388+00:00,CALL,95.0,2026-07-17,17085,67,1264,15,76.91,REPEATEDHITS,False,False,False,16320,765,14446661147.0,93,ASK,LONG,1.0
BBIO,2026-04-15 14:17:30.526256+00:00,CALL,90.0,2026-07-17,40063,103,103,71,76.91,REPEATEDHITSDESCENDINGFILL,True,False,False,38913,1150,14446661147.0,93,ASK,LONG,1.0
BBIO,2026-04-13 18:43:44.574046+00:00,CALL,75.0,2026-05-15,300000,500,500,110,76.19,REPEATEDHITS,True,False,False,202800,70200,14446661147.0,32,ASK,LONG,1.0
BBIO,2026-04-09 17:11:11.468716+00:00,PUT,80.0,2027-01-15,239040,144,145,77,74.91,REPEATEDHITS,False,False,False,0,239040,14446661147.0,281,BID,LONG,0.5
SANM,2026-04-24 16:43:47.362483+00:00,CALL,260.0,2026-06-18,16120,31,82,0,191.1,REPEATEDHITS,False,False,False,14560,1560,10080661999.0,55,ASK,LONG,1.0
SANM,2026-04-24 16:43:47.362483+00:00,CALL,240.0,2026-06-18,15570,19,20,3,191.1,REPEATEDHITS,False,False,False,14760,810,10080661999.0,55,ASK,LONG,1.0
SANM,2026-04-24 15:09:53.526472+00:00,CALL,195.0,2026-05-15,2929800,1900,3843,24,192.43,OTMEARNINGSFLOOR,False,True,True,0,2929800,10080661999.0,21,BID,SHORT,0.5
SANM,2026-04-17 14:17:54.812016+00:00,CALL,180.0,2026-05-15,24107,20,23,19,174.575,REPEATEDHITS,False,False,False,0,24107,10080661999.0,28,BID,SHORT,0.5
SANM,2026-04-16 17:03:09.069039+00:00,PUT,170.0,2026-04-17,27730,47,48,5,165.14,REPEATEDHITS,True,False,False,27730,0,10080661999.0,1,ASK,SHORT,1.0
SANM,2026-04-16 15:54:06.991656+00:00,CALL,175.0,2026-05-15,2090000,1900,1920,18,165.77,LOWHISTORICVOLUMEFLOOR,False,True,True,0,2090000,10080661999.0,29,BID,SHORT,0.5
SANM,2026-04-10 17:40:57.158494+00:00,PUT,145.0,2026-05-15,128260,106,106,2,147.645,REPEATEDHITS,False,False,False,0,128260,10080661999.0,35,BID,LONG,0.5
SANM,2026-04-09 16:35:15.183268+00:00,CALL,145.0,2026-05-15,298449,235,737,1,142.05,REPEATEDHITS,False,False,False,253999,44450,10080661999.0,36,ASK,LONG,1.0
SANM,2026-04-09 16:33:08.123515+00:00,CALL,145.0,2026-05-15,52460,43,421,1,141.53,REPEATEDHITS,True,False,False,1220,2440,10080661999.0,36,BID,SHORT,0.5
SANM,2026-04-09 16:32:52.698930+00:00,CALL,145.0,2026-05-15,85398,70,375,1,141.53,REPEATEDHITSDESCENDINGFILL,True,False,False,81738,3660,10080661999.0,36,ASK,LONG,1.0
SANM,2026-04-09 16:32:16.853231+00:00,CALL,145.0,2026-05-15,90000,75,302,1,141.53,REPEATEDHITS,True,False,False,0,90000,10080661999.0,36,BID,SHORT,0.5
SANM,2026-04-09 16:30:50.145488+00:00,CALL,145.0,2026-05-15,140360,121,154,1,141.475,REPEATEDHITS,True,False,False,113680,26680,10080661999.0,36,ASK,LONG,1.0
SANM,2026-04-09 16:30:42.334116+00:00,CALL,145.0,2026-05-15,29380,26,31,1,140.785,REPEATEDHITS,True,False,False,0,29380,10080661999.0,36,BID,SHORT,0.5
PFGC,2026-04-17 16:52:55.266720+00:00,PUT,105.0,2026-12-18,106081,68,68,65,93.38,REPEATEDHITS,False,False,False,0,106081,13929965759.0,245,BID,LONG,0.5
PFGC,2026-03-30 16:52:46.232502+00:00,CALL,100.0,2026-12-18,43170,83,83,5,85.24,REPEATEDHITSASCENDINGFILL,True,False,False,0,43170,13929965759.0,263,BID,SHORT,0.5
ARE,2026-04-02 14:55:55.853692+00:00,PUT,32.5,2026-10-16,10750,50,50,16,42.66,REPEATEDHITS,False,False,False,7525,1720,7939717509.0,197,ASK,SHORT,1.0
HCA,2026-04-28 15:15:36.720305+00:00,PUT,380.0,2026-06-18,284965,1196,3302,63,436.83,SWEEPSFOLLOWEDBYFLOOR,True,True,True,27855,257110,99684068094.0,51,BID,LONG,0.5
HCA,2026-04-28 15:15:36.720305+00:00,PUT,420.0,2026-06-18,646590,589,1651,551,436.83,SWEEPSFOLLOWEDBYFLOOR,True,True,True,0,646590,99684068094.0,51,BID,LONG,0.5
HCA,2026-04-24 18:48:17.519432+00:00,CALL,460.0,2026-05-15,106262,253,312,0,434.34,REPEATEDHITS,False,False,False,0,106262,99684068094.0,21,BID,SHORT,0.5
HCA,2026-04-23 17:26:46.887005+00:00,PUT,480.0,2026-05-15,167480,79,256,56,476.17,REPEATEDHITS,False,False,False,0,108120,99684068094.0,22,BID,LONG,0.5
HCA,2026-04-08 15:05:10.681569+00:00,CALL,535.0,2026-05-15,110000,100,150,38,503.62,REPEATEDHITS,True,False,False,33000,33000,99684068094.0,37,MIXED,,0.0
HCA,2026-04-06 18:53:13.142920+00:00,CALL,550.0,2026-06-18,63130,81,87,5,480.81,REPEATEDHITS,False,False,False,59280,3850,99684068094.0,73,ASK,LONG,1.0
HCA,2026-04-06 16:21:11.752737+00:00,CALL,490.0,2026-04-17,232500,300,300,18,480.18,LOWHISTORICVOLUMEFLOOR,False,True,False,232500,0,99684068094.0,11,ASK,LONG,1.0
HCA,2026-03-30 16:41:57.435314+00:00,CALL,535.0,2026-06-18,191000,200,201,5,469.69,LOWHISTORICVOLUMEFLOOR,False,True,False,0,191000,99684068094.0,80,BID,SHORT,0.5
PRCT,2026-04-28 14:59:37.915536+00:00,PUT,20.0,2026-05-15,18050,278,4358,95,23.81,REPEATEDHITS,False,False,False,17810,240,1358439822.0,17,ASK,SHORT,1.0
XYL,2026-04-23 17:26:58.100955+00:00,PUT,110.0,2026-12-18,53400,89,381,29,121.155,REPEATEDHITS,False,False,False,53400,0,30030394932.0,239,ASK,SHORT,1.0
XYL,2026-04-09 16:59:09.159293+00:00,PUT,120.0,2026-05-15,20600,103,1328,13,128.755,REPEATEDHITS,False,False,False,0,20600,30030394932.0,36,BID,LONG,0.5
XYL,2026-04-09 14:41:11.427244+00:00,PUT,120.0,2026-05-15,20640,96,1212,13,127.98,REPEATEDHITS,False,False,False,20640,0,30030394932.0,36,ASK,SHORT,1.0
XYL,2026-04-09 14:41:11.427244+00:00,PUT,120.0,2026-05-15,22360,104,1116,13,128.05,REPEATEDHITS,False,False,False,22360,0,30030394932.0,36,ASK,SHORT,1.0
XYL,2026-04-07 14:57:50.104511+00:00,PUT,125.0,2026-05-15,21729,41,42,3,124.55,REPEATEDHITS,False,False,False,21729,0,30030394932.0,38,ASK,SHORT,1.0
WING,2026-04-27 15:45:53.781613+00:00,CALL,190.0,2027-03-19,1320000,300,300,6,176.7025,LOWHISTORICVOLUMEFLOOR,False,True,False,0,0,4884832626.0,326,MIXED,,0.0
WING,2026-04-24 18:05:05.321704+00:00,PUT,180.0,2026-05-15,166250,125,132,59,190.5099,REPEATEDHITS,False,False,False,164920,1330,4884832626.0,21,ASK,SHORT,1.0
WING,2026-04-22 15:02:45.078806+00:00,PUT,175.0,2026-05-15,565000,500,504,299,189.195,LOWHISTORICVOLUMEFLOOR,False,True,False,0,565000,4884832626.0,23,BID,LONG,0.5
WING,2026-04-21 19:41:59.250702+00:00,CALL,185.0,2026-06-18,138740,51,51,27,190.24,REPEATEDHITSDESCENDINGFILL,False,False,False,2730,136010,4884832626.0,58,BID,SHORT,0.5
WING,2026-04-21 19:41:59.250702+00:00,CALL,175.0,2026-07-17,107700,30,31,4,190.24,REPEATEDHITS,False,False,False,0,107700,4884832626.0,87,BID,SHORT,0.5
WING,2026-04-21 17:05:11.199662+00:00,PUT,185.0,2026-05-15,117860,83,86,15,195.8,REPEATEDHITS,False,False,False,117860,0,4884832626.0,24,ASK,SHORT,1.0
WING,2026-04-17 19:05:49.951905+00:00,CALL,220.0,2026-05-15,525000,500,501,102,195.525,FLOORTRADEMIDCAP,False,True,False,525000,0,4884832626.0,28,ASK,LONG,1.0
WING,2026-04-15 17:22:43.006026+00:00,CALL,350.0,2026-12-18,58415,57,57,1,192.35,REPEATEDHITSDESCENDINGFILL,False,False,False,1010,56405,4884832626.0,247,BID,SHORT,0.5
WING,2026-04-14 15:56:44.340622+00:00,PUT,140.0,2026-05-15,62000,200,208,112,194.415,REPEATEDHITS,False,False,False,0,62000,4884832626.0,31,BID,LONG,0.5
WING,2026-04-14 14:48:39.899522+00:00,PUT,155.0,2026-06-18,36800,40,40,24,194.22,REPEATEDHITS,False,False,False,0,36800,4884832626.0,65,BID,LONG,0.5
WING,2026-04-10 15:45:23.074764+00:00,PUT,170.0,2026-04-17,86454,247,248,101,178.39,REPEATEDHITSASCENDINGFILL,False,False,False,0,86454,4884832626.0,7,BID,LONG,0.5
WING,2026-04-06 15:11:02.350835+00:00,CALL,175.0,2026-05-15,436990,267,268,24,166.58,REPEATEDHITSASCENDINGFILL,False,False,False,436990,0,4884832626.0,39,ASK,LONG,1.0
WING,2026-04-02 18:29:57.289707+00:00,PUT,145.0,2027-03-19,1709000,500,500,0,156.025,FLOORTRADEMIDCAP,False,True,True,0,1709000,4884832626.0,351,BID,LONG,0.5
WING,2026-04-02 16:11:20.784390+00:00,PUT,155.0,2026-05-15,82320,42,42,16,153.12,REPEATEDHITS,False,False,False,82320,0,4884832626.0,43,ASK,SHORT,1.0
WING,2026-04-02 16:07:56.305870+00:00,PUT,145.0,2026-06-18,14640,8,8,0,153.39,REPEATEDHITS,False,False,False,14640,0,4884832626.0,77,ASK,SHORT,1.0
WING,2026-04-01 15:58:13.223733+00:00,CALL,250.0,2027-03-19,71810,43,344,32,151.77,REPEATEDHITS,False,False,False,56780,15030,4884832626.0,352,ASK,LONG,1.0
WING,2026-04-01 15:07:41.332133+00:00,CALL,250.0,2027-03-19,60840,36,300,32,151.91,REPEATEDHITS,False,False,False,47320,13520,4884832626.0,352,ASK,LONG,1.0
WING,2026-04-01 14:54:20.461145+00:00,CALL,250.0,2027-03-19,97440,58,98,32,151.16,REPEATEDHITS,False,False,False,31920,65520,4884832626.0,352,BID,SHORT,0.5
WING,2026-04-01 14:53:53.428961+00:00,CALL,250.0,2027-03-19,68000,40,40,32,151.48,REPEATEDHITS,False,False,False,68000,0,4884832626.0,352,ASK,LONG,1.0
TNGX,2026-04-28 14:29:10.925965+00:00,CALL,30.0,2026-06-18,22050,63,3066,18,25.07,REPEATEDHITS,False,False,False,22050,0,3756997447.0,51,ASK,LONG,1.0
NGL,2026-04-14 14:36:27.033303+00:00,CALL,12.0,2026-10-16,160000,500,500,6,13.037,REPEATEDHITS,False,False,False,160000,0,1792830905.0,185,ASK,LONG,1.0
PII,2026-04-15 15:01:17.197746+00:00,CALL,50.0,2026-05-15,10560,22,42,0,51.35,REPEATEDHITS,False,False,False,10560,0,3460965342.0,30,ASK,LONG,1.0
PII,2026-04-14 15:02:36.331136+00:00,CALL,55.0,2026-09-18,62900,74,379,52,56.52,REPEATEDHITS,False,False,False,34000,18700,3460965342.0,157,ASK,LONG,1.0
PII,2026-04-14 15:01:56.877767+00:00,CALL,55.0,2026-09-18,196560,234,234,52,56.32,REPEATEDHITS,False,False,False,186480,0,3460965342.0,157,ASK,LONG,1.0
PII,2026-04-02 19:35:38.824233+00:00,PUT,55.0,2026-04-17,122880,423,1873,43,54.025,REPEATEDHITSDESCENDINGFILL,True,False,False,95910,26970,3460965342.0,15,ASK,SHORT,1.0
PII,2026-04-02 18:39:51.464677+00:00,PUT,55.0,2026-04-17,18020,53,1149,43,53.36,REPEATEDHITS,False,False,False,18020,0,3460965342.0,15,ASK,SHORT,1.0
PII,2026-04-02 15:31:45.679038+00:00,PUT,55.0,2026-04-17,80920,238,1000,43,53.73,LOWHISTORICVOLUMEFLOOR,False,True,False,80920,0,3460965342.0,15,ASK,SHORT,1.0
LC,2026-04-27 16:10:12.354823+00:00,PUT,17.0,2026-08-21,53750,250,251,0,17.415,REPEATEDHITS,False,False,False,40205,13545,1978802674.0,116,ASK,SHORT,1.0
LC,2026-04-17 16:52:48.457608+00:00,CALL,19.0,2026-07-17,78980,564,564,163,17.625,REPEATEDHITSASCENDINGFILL,True,False,False,980,78000,1978802674.0,91,BID,SHORT,0.5
LC,2026-04-09 14:56:33.298931+00:00,CALL,14.0,2026-05-15,19416,100,200,16,14.925,REPEATEDHITS,False,False,False,15405,4011,1978802674.0,36,ASK,LONG,1.0
LC,2026-04-09 14:55:05.371539+00:00,CALL,14.0,2026-05-15,19000,100,100,16,14.93,REPEATEDHITS,False,False,False,19000,0,1978802674.0,36,ASK,LONG,1.0
LC,2026-04-01 14:36:53.190163+00:00,CALL,14.0,2026-04-17,19000,200,200,62,14.415,REPEATEDHITS,False,False,False,0,11970,1978802674.0,16,BID,SHORT,0.5
ARCB,2026-04-24 18:58:13.691120+00:00,CALL,125.0,2026-05-15,12480,16,1016,2,123.79,REPEATEDHITS,False,False,False,12480,0,2825770072.0,21,ASK,LONG,1.0
ARCB,2026-04-24 16:53:25.152770+00:00,CALL,125.0,2026-05-15,23100,30,543,2,124.66,REPEATEDHITS,False,False,False,0,23100,2825770072.0,21,BID,SHORT,0.5
ARCB,2026-04-24 16:53:25.152770+00:00,CALL,125.0,2026-05-15,39270,51,594,2,124.66,REPEATEDHITS,True,False,False,0,39270,2825770072.0,21,BID,SHORT,0.5
ARCB,2026-04-24 16:53:16.140653+00:00,CALL,125.0,2026-05-15,39270,51,509,2,124.66,REPEATEDHITS,False,False,False,0,39270,2825770072.0,21,BID,SHORT,0.5
ARCB,2026-04-24 16:29:54.440496+00:00,CALL,125.0,2026-05-15,10166,14,300,2,123.73,REPEATEDHITSASCENDINGFILL,False,False,False,0,10166,2825770072.0,21,BID,SHORT,0.5
ARCB,2026-04-24 16:21:16.655711+00:00,CALL,125.0,2026-05-15,13430,19,231,2,123.43,REPEATEDHITSASCENDINGFILL,False,False,False,0,13430,2825770072.0,21,BID,SHORT,0.5
ARCB,2026-04-24 16:01:36.585607+00:00,CALL,125.0,2026-05-15,13996,20,110,2,122.97,REPEATEDHITSASCENDINGFILL,False,False,False,13996,0,2825770072.0,21,ASK,LONG,1.0
ARCB,2026-04-24 15:57:11.663752+00:00,CALL,125.0,2026-05-15,28650,46,90,2,122.58,REPEATEDHITSASCENDINGFILL,False,False,False,22390,6260,2825770072.0,21,ASK,LONG,1.0
ARCB,2026-04-24 15:57:09.259906+00:00,CALL,125.0,2026-05-15,14880,24,44,2,122.58,REPEATEDHITS,False,False,False,0,14880,2825770072.0,21,BID,SHORT,0.5
ARCB,2026-04-24 15:49:49.406306+00:00,CALL,125.0,2026-05-15,11796,20,20,2,122.17,REPEATEDHITSASCENDINGFILL,False,False,False,11796,0,2825770072.0,21,ASK,LONG,1.0
ARCB,2026-04-23 17:01:09.102600+00:00,CALL,155.0,2026-09-18,42140,86,86,1,122.22,REPEATEDHITS,False,False,False,42140,0,2825770072.0,148,ASK,LONG,1.0
AER,2026-04-17 18:33:14.066669+00:00,PUT,145.0,2026-05-15,90771,227,228,52,147.23,REPEATEDHITSDESCENDINGFILL,False,False,False,90771,0,23137433242.0,28,ASK,SHORT,1.0
AER,2026-04-06 17:35:54.307709+00:00,CALL,155.0,2026-05-15,11825,79,647,19,140.515,REPEATEDHITS,False,False,False,0,8225,23137433242.0,39,BID,SHORT,0.5
RSI,2026-04-27 16:53:16.335132+00:00,CALL,25.0,2026-06-18,21092,98,1839,68,24.29,REPEATEDHITSDESCENDINGFILL,False,False,False,0,21092,2505089680.0,52,BID,SHORT,0.5
RSI,2026-04-27 14:49:05.287470+00:00,CALL,25.0,2026-05-15,199886,1553,2273,338,23.68,SWEEPSFOLLOWEDBYFLOOR,True,True,False,191761,0,2505089680.0,18,ASK,LONG,1.0
RSI,2026-04-27 14:48:07.620426+00:00,CALL,25.0,2026-05-15,132351,1059,1116,338,23.58,REPEATEDHITSDESCENDINGFILL,True,False,False,63976,0,2505089680.0,18,ASK,LONG,1.0
RSI,2026-04-22 16:27:00.226643+00:00,PUT,22.5,2026-05-15,24950,156,1856,23,22.9,REPEATEDHITSDESCENDINGFILL,False,False,False,24480,470,2505089680.0,23,ASK,SHORT,1.0
RSI,2026-04-22 16:26:15.974635+00:00,PUT,22.5,2026-05-15,208000,1300,1500,23,22.65,LOWHISTORICVOLUMEFLOOR,False,True,False,208000,0,2505089680.0,23,ASK,SHORT,1.0
RSI,2026-04-22 16:26:11.169221+00:00,PUT,22.5,2026-07-17,46223,201,201,10,22.795,REPEATEDHITSDESCENDINGFILL,False,False,False,46223,0,2505089680.0,86,ASK,SHORT,1.0
AVTR,2026-04-28 15:23:59.493741+00:00,PUT,8.0,2026-06-18,47491,500,500,47,7.905,REPEATEDHITSDESCENDINGFILL,False,False,False,47491,0,5435985778.0,51,ASK,SHORT,1.0
VRNS,2026-04-27 18:43:28.967504+00:00,PUT,22.5,2026-05-15,46530,358,607,206,25.14,REPEATEDHITS,False,False,False,46410,120,2942065536.0,18,ASK,SHORT,1.0
VRNS,2026-04-24 18:33:39.490180+00:00,CALL,25.0,2026-06-18,137500,500,500,73,24.19,LOWHISTORICVOLUMEFLOOR,False,True,True,137500,0,2942065536.0,55,ASK,LONG,1.0
VRNS,2026-04-14 19:07:18.281714+00:00,PUT,20.0,2026-05-15,35932,248,257,6,21.67,REPEATEDHITSDESCENDINGFILL,False,False,False,35932,0,2942065536.0,31,ASK,SHORT,1.0
VRNS,2026-04-14 19:07:18.281714+00:00,CALL,20.0,2026-05-15,49280,154,154,5,21.67,REPEATEDHITS,False,False,False,39680,0,2942065536.0,31,ASK,LONG,1.0
VRNS,2026-04-14 19:07:18.281714+00:00,CALL,22.5,2026-05-15,13675,72,72,49,21.67,REPEATEDHITS,False,False,False,13490,185,2942065536.0,31,ASK,LONG,1.0
VRNS,2026-04-14 19:07:18.281714+00:00,PUT,22.5,2026-05-15,31270,118,119,84,21.67,REPEATEDHITS,False,False,False,31270,0,2942065536.0,31,ASK,SHORT,1.0
VRNS,2026-04-13 18:38:59.733797+00:00,PUT,22.5,2026-05-15,16320,64,64,25,21.9,REPEATEDHITS,False,False,False,16320,0,2942065536.0,32,ASK,SHORT,1.0
VRNS,2026-04-13 18:38:59.733797+00:00,CALL,25.0,2026-05-15,17267,144,158,49,21.93,REPEATEDHITSDESCENDINGFILL,False,False,False,14987,2280,2942065536.0,32,ASK,LONG,1.0
PRCH,2026-04-27 17:43:03.137450+00:00,PUT,7.5,2026-05-15,280000,3500,3529,734,8.06,LOWHISTORICVOLUMEFLOOR,False,True,True,280000,0,1001918279.0,18,ASK,SHORT,1.0
NAMS,2026-04-28 14:27:56.626844+00:00,PUT,30.0,2026-08-21,815040,1698,2000,6,29.5225,LOWHISTORICVOLUMEFLOOR,False,True,False,815040,0,3501001600.0,115,ASK,SHORT,1.0
NAMS,2026-04-28 13:35:46.685652+00:00,PUT,30.0,2026-08-21,21320,52,52,6,30.83,REPEATEDHITS,False,False,False,0,5740,3501001600.0,115,BID,LONG,0.5
COO,2026-04-27 15:37:52.384803+00:00,CALL,65.0,2026-05-15,13860,66,794,28,64.9,REPEATEDHITS,False,False,False,0,13860,12553660367.0,18,BID,SHORT,0.5
HAYW,2026-04-17 15:20:45.474913+00:00,PUT,15.0,2026-05-15,174000,3000,3000,0,15.465,FLOORTRADEMIDCAP,False,True,True,0,174000,3429708936.0,28,BID,LONG,0.5
HAYW,2026-04-14 19:50:02.880463+00:00,CALL,15.0,2026-05-15,160000,2000,2000,0,14.795,LOWHISTORICVOLUMEFLOOR,False,True,False,160000,0,3429708936.0,31,ASK,LONG,1.0
HAYW,2026-04-08 15:58:31.231181+00:00,PUT,14.0,2026-05-15,34125,455,2000,1,14.275,REPEATEDHITS,False,False,False,34125,0,3429708936.0,37,ASK,SHORT,1.0
HAYW,2026-04-08 15:58:22.615197+00:00,PUT,14.0,2026-05-15,115875,1545,1545,1,14.295,REPEATEDHITS,False,False,False,114000,1500,3429708936.0,37,ASK,SHORT,1.0
SAIL,2026-04-28 13:40:59.778850+00:00,PUT,12.5,2026-05-15,62375,499,1500,387,11.87,REPEATEDHITS,False,False,False,62375,0,6692346690.0,17,ASK,SHORT,1.0
SAIL,2026-04-20 18:25:38.996021+00:00,CALL,12.5,2026-05-15,14880,213,281,88,12.14,REPEATEDHITSASCENDINGFILL,False,False,False,9490,0,6692346690.0,25,ASK,LONG,1.0
SAIL,2026-04-17 14:50:25.796062+00:00,PUT,12.5,2026-05-15,27390,249,249,107,11.925,REPEATEDHITS,False,False,False,0,27390,6692346690.0,28,BID,LONG,0.5
SAIL,2026-03-30 14:25:38.705093+00:00,CALL,12.5,2026-04-17,53925,719,739,211,12.34,REPEATEDHITS,False,False,False,53850,75,6692346690.0,18,ASK,LONG,1.0
MAA,2026-04-28 14:47:52.586242+00:00,CALL,135.0,2026-05-15,10999,200,609,91,128.16,REPEATEDHITS,False,False,False,10999,0,14658218898.0,17,ASK,LONG,1.0
ITRI,2026-04-28 15:46:20.597933+00:00,PUT,80.0,2026-06-18,23993,54,85,4,82.96,REPEATEDHITSDESCENDINGFILL,True,False,False,0,23993,3906289626.0,51,BID,LONG,0.5
ITRI,2026-04-27 19:49:18.924542+00:00,CALL,85.0,2026-05-15,69160,91,104,25,86.64,REPEATEDHITS,False,False,False,0,41040,3906289626.0,18,BID,SHORT,0.5
ITRI,2026-04-22 14:32:07.362168+00:00,PUT,85.0,2026-05-15,69700,205,1205,118,93.075,REPEATEDHITS,False,False,False,55080,14620,3906289626.0,23,ASK,SHORT,1.0
CPT,2026-04-15 15:12:01.640254+00:00,PUT,100.0,2026-05-15,31680,144,174,40,100.97,REPEATEDHITS,False,False,False,27720,0,10506274136.0,30,ASK,SHORT,1.0
CPT,2026-04-07 17:01:48.347645+00:00,PUT,95.0,2026-05-15,13760,172,172,48,101.34,REPEATEDHITS,False,False,False,0,0,10506274136.0,38,MIXED,,0.0
CPT,2026-04-07 17:01:48.347645+00:00,CALL,110.0,2026-05-15,12900,172,173,89,101.34,REPEATEDHITS,False,False,False,0,0,10506274136.0,38,MIXED,,0.0
ZBH,2026-04-21 17:36:04.439748+00:00,CALL,115.0,2026-12-18,29480,134,134,10,93.48,REPEATEDHITS,False,False,False,0,29480,18115419050.0,241,BID,SHORT,0.5
WH,2026-04-28 15:47:46.909389+00:00,CALL,90.0,2026-06-18,199016,750,750,15,85.665,REPEATEDHITSASCENDINGFILL,False,False,False,199016,0,6413202347.0,51,ASK,LONG,1.0
LOAR,2026-03-30 16:04:44.421646+00:00,CALL,65.0,2027-01-15,493200,600,600,4,56.87,LOWHISTORICVOLUMEFLOOR,False,True,False,0,493200,5445082913.0,291,BID,SHORT,0.5
OMCL,2026-04-28 14:04:46.650392+00:00,CALL,60.0,2026-12-18,155000,500,500,4,45.945,LOWHISTORICVOLUMEFLOOR,False,True,False,0,155000,1709753594.0,234,BID,SHORT,0.5
RMD,2026-04-17 19:38:06.078959+00:00,CALL,250.0,2026-05-15,14500,50,251,48,228.09,REPEATEDHITS,False,False,False,0,13050,32343518590.0,28,BID,SHORT,0.5
RMD,2026-04-14 19:02:53.956505+00:00,PUT,220.0,2026-05-15,16559,24,25,23,230.005,REPEATEDHITS,False,False,False,16559,0,32343518590.0,31,ASK,SHORT,1.0
HRI,2026-04-28 13:47:49.879154+00:00,CALL,160.0,2026-09-18,28750,25,25,1,137.8,REPEATEDHITS,False,False,False,11500,10350,4161108085.0,143,ASK,LONG,1.0
HRI,2026-04-23 15:34:01.319195+00:00,CALL,140.0,2026-05-15,106617,306,306,0,127.09,REPEATEDHITSASCENDINGFILL,False,False,False,106617,0,4161108085.0,22,ASK,LONG,1.0
SF,2026-04-28 16:02:00.657904+00:00,PUT,75.0,2026-07-17,59888,187,253,0,77.935,REPEATEDHITSDESCENDINGFILL,False,False,False,9328,35840,8026269638.0,80,BID,LONG,0.5
SF,2026-04-27 16:43:33.190587+00:00,CALL,85.0,2026-06-18,13125,105,105,16,78.31,REPEATEDHITS,False,False,False,2125,11000,8026269638.0,52,BID,SHORT,0.5
SF,2026-04-17 14:50:25.796062+00:00,CALL,90.0,2026-05-15,10289,108,1022,1,83.4925,REPEATEDHITSASCENDINGFILL,False,False,False,294,9995,8026269638.0,28,BID,SHORT,0.5
WK,2026-04-27 19:32:24.230448+00:00,PUT,55.0,2026-06-18,23938,42,43,0,53.76,REPEATEDHITS,False,False,False,23938,0,2868938372.0,52,ASK,SHORT,1.0
WK,2026-04-27 19:09:18.494354+00:00,PUT,60.0,2026-05-15,100860,131,831,36,53.79,REPEATEDHITS,False,False,False,100860,0,2868938372.0,18,ASK,SHORT,1.0
WK,2026-04-27 18:33:08.580683+00:00,PUT,55.0,2026-05-15,70979,169,169,9,54.2,REPEATEDHITS,False,False,False,70979,0,2868938372.0,18,ASK,SHORT,1.0
WK,2026-04-27 18:28:31.113097+00:00,PUT,60.0,2026-05-15,531933,700,700,36,54.205,REPEATEDHITSASCENDINGFILL,False,False,False,0,531933,2868938372.0,18,BID,LONG,0.5
ERIE,2026-04-24 19:07:43.426770+00:00,CALL,240.0,2026-12-18,13155,5,7,1,235.31,REPEATEDHITSDESCENDINGFILL,False,False,False,0,13155,10679836303.0,238,BID,SHORT,0.5
MUSA,2026-04-28 15:10:36.725592+00:00,CALL,530.0,2026-05-15,404000,200,200,0,525.42,OTMEARNINGSFLOOR,False,True,True,404000,0,9594637021.0,17,ASK,LONG,1.0
MUSA,2026-04-02 16:42:43.456813+00:00,CALL,580.0,2026-12-18,78120,21,21,0,502.235,REPEATEDHITS,False,False,False,0,78120,9594637021.0,260,BID,SHORT,0.5
HCI,2026-04-27 19:15:03.225547+00:00,CALL,170.0,2026-06-18,16212,38,38,2,155.57,REPEATEDHITSDESCENDINGFILL,True,False,False,0,16212,2017780531.0,52,BID,SHORT,0.5
